SETTINGS,VALUE,,,
Filename,GW_vs_H+N_county,,,
Vote type,Raw,,,
Color type,Margin,,,
Isolate,AL AR FL GA KY LA MS MO NC OK SC TN TX VA,,,
Borders,FALSE,,,
Separator,FALSE,,,
,,,,
COLORS,VALUE,HEX,,
Orange,0,ffe6d5,,
Orange,1,ffccaa,,
Orange,5,ffb380,,
Orange,10,ff9955,,
Orange,15,ff7f2a,,
Orange,20,ff6600,,
Orange,30,d45500,,
Orange,40,aa4400,,
Orange,50,803300,,
Orange,60,552200,,
Purple,0,f6d5ff,,
Purple,1,f1bfff,,
Purple,5,eeaaff,,
Purple,10,e580ff,,
Purple,15,dd55ff,,
Purple,20,cc00ff,,
Purple,30,aa00d4,,
Purple,40,8800aa,,
Purple,50,660080,,
Purple,60,440055,,
,,,,
CANDIDATES,COLOR,,,
George Wallace,Orange,,,
Humphrey + Nixon,Purple,,,
,,,,
COUNTIES,STATE,George Wallace,Humphrey + Nixon,TOTAL
Autauga,AL,5523,2159,7776
Baldwin,AL,14167,3975,18404
Barbour,AL,5491,2284,7946
Bibb,AL,3746,915,4673
Blount,AL,6536,2344,9086
Bullock,AL,2161,2154,4347
Butler,AL,5601,1740,7361
Calhoun,AL,19211,7207,26775
Chambers,AL,7885,2440,10636
Cherokee,AL,4773,805,5685
Chilton,AL,6611,2168,8902
Choctaw,AL,4250,1817,6093
Clarke,AL,6168,2205,8626
Clay,AL,4048,962,5044
Cleburne,AL,3314,645,3995
Coffee,AL,8885,1753,10766
Colbert,AL,11341,4018,15621
Conecuh,AL,3828,1337,5346
Coosa,AL,2830,953,3811
Covington,AL,11419,1622,13128
Crenshaw,AL,4513,935,5480
Cullman,AL,11063,6079,17265
Dale,AL,8109,1469,9705
Dallas,AL,8798,7762,16636
DeKalb,AL,8144,6588,14859
Elmore,AL,9038,2546,11812
Escambia,AL,8474,2172,10765
Etowah,AL,21416,8964,31186
Fayette,AL,4683,1503,6238
Franklin,AL,5909,3112,9096
Geneva,AL,7871,664,8581
Greene,AL,1555,2409,3969
Hale,AL,2934,2269,5260
Henry,AL,4233,1039,5292
Houston,AL,13872,2462,16536
Jackson,AL,8504,2213,10908
Jefferson,AL,106233,95597,205033
Lamar,AL,5229,666,5925
Lauderdale,AL,13467,5118,18883
Lawrence,AL,6253,1230,7529
Lee,AL,7721,5169,13136
Limestone,AL,8430,1759,10375
Lowndes,AL,1822,1361,3263
Macon,AL,1619,4707,6381
Madison,AL,29823,21217,51953
Marengo,AL,5185,3936,9154
Marion,AL,6415,1857,8403
Marshall,AL,12742,3680,16680
Mobile,AL,61673,29124,91936
Monroe,AL,5217,2048,7324
Montgomery,AL,27202,18834,46525
Morgan,AL,16841,4921,22277
Perry,AL,2768,2765,5553
Pickens,AL,4549,1755,6328
Pike,AL,6038,2223,8341
Randolph,AL,5103,1505,6804
Russell,AL,7584,3411,11245
St. Clair,AL,7050,2504,9697
Shelby,AL,7736,2811,10770
Sumter,AL,2158,2639,4807
Talladega,AL,13505,5034,18756
Tallapoosa,AL,9043,2536,11821
Tuscaloosa,AL,18611,9378,28371
Walker,AL,14416,4599,19385
Washington,AL,4545,1102,5683
Wilcox,AL,2511,1895,4435
Winston,AL,3032,2432,5527
Aleutians East,AK,,,
Aleutians West,AK,,,
Anchorage,AK,,,
Bethel,AK,,,
Bristol Bay,AK,,,
Chugach,AK,,,
Copper River,AK,,,
Denali,AK,,,
Dillingham,AK,,,
Fairbanks North Star,AK,,,
Haines,AK,,,
Hoonah-Angoon,AK,,,
Juneau,AK,,,
Kenai Peninsula,AK,,,
Ketchikan Gateway,AK,,,
Kodiak Island,AK,,,
Kusilvak,AK,,,
Lake and Peninsula,AK,,,
Matanuska-Susitna,AK,,,
Nome,AK,,,
North Slope,AK,,,
Northwest Arctic,AK,,,
Petersburg,AK,,,
Prince of Wales-Hyder,AK,,,
Sitka,AK,,,
Skagway,AK,,,
Southeast Fairbanks,AK,,,
Wrangell,AK,,,
Yakutat,AK,,,
Yukon-Koyukuk,AK,,,
Apache,AZ,,,
Cochise,AZ,,,
Coconino,AZ,,,
Gila,AZ,,,
Graham,AZ,,,
Greenlee,AZ,,,
La Paz,AZ,,,
Maricopa,AZ,,,
Mohave,AZ,,,
Navajo,AZ,,,
Pima,AZ,,,
Pinal,AZ,,,
Santa Cruz,AZ,,,
Yavapai,AZ,,,
Yuma,AZ,,,
Arkansas,AR,3775,3825,7600
Ashley,AR,4401,3505,7906
Baxter,AR,1513,5353,6866
Benton,AR,4036,12192,16228
Boone,AR,2169,5256,7425
Bradley,AR,2546,2259,4805
Calhoun,AR,1215,975,2190
Carroll,AR,1174,3894,5068
Chicot,AR,2187,3460,5647
Clark,AR,2776,4375,7151
Clay,AR,2285,4073,6358
Cleburne,AR,1657,2503,4160
Cleveland,AR,1751,719,2470
Columbia,AR,3843,4403,8246
Conway,AR,1958,4533,6491
Craighead,AR,6742,8785,15527
Crawford,AR,2917,4301,7218
Crittenden,AR,4657,5929,10586
Cross,AR,3056,2648,5704
Dallas,AR,1722,1925,3647
Desha,AR,2474,3242,5716
Drew,AR,2307,2364,4671
Faulkner,AR,4375,6547,10922
Franklin,AR,2111,2482,4593
Fulton,AR,1080,2217,3297
Garland,AR,6955,13329,20284
Grant,AR,2194,1479,3673
Greene,AR,3021,5056,8077
Hempstead,AR,3136,4105,7241
Hot Spring,AR,4139,3917,8056
Howard,AR,1660,2347,4007
Independence,AR,2770,5071,7841
Izard,AR,1109,1879,2988
Jackson,AR,3525,3407,6932
Jefferson,AR,10053,13985,24038
Johnson,AR,1693,3414,5107
Lafayette,AR,1704,1880,3584
Lawrence,AR,2813,3401,6214
Lee,AR,1907,2969,4876
Lincoln,AR,2084,1697,3781
Little River,AR,1473,1837,3310
Logan,AR,2160,4339,6499
Lonoke,AR,4002,3691,7693
Madison,AR,1028,3894,4922
Marion,AR,877,2375,3252
Miller,AR,5062,5591,10653
Mississippi,AR,6147,9362,15509
Monroe,AR,2406,2587,4993
Montgomery,AR,992,1534,2526
Nevada,AR,1773,2148,3921
Newton,AR,567,2319,2886
Ouachita,AR,5031,6812,11843
Perry,AR,916,1374,2290
Phillips,AR,4279,7193,11472
Pike,AR,1535,1760,3295
Poinsett,AR,4074,3812,7886
Polk,AR,1812,3384,5196
Pope,AR,2769,5897,8666
Prairie,AR,2014,1568,3582
Pulaski,AR,25844,54306,80150
Randolph,AR,1610,2604,4214
St. Francis,AR,4254,4892,9146
Saline,AR,5569,5725,11294
Scott,AR,1238,2162,3400
Searcy,AR,726,2633,3359
Sebastian,AR,8649,18393,27042
Sevier,AR,1501,2346,3847
Sharp,AR,1299,2161,3460
Stone,AR,979,1685,2664
Union,AR,7853,9345,17198
Van Buren,AR,1224,2474,3698
Washington,AR,5092,16771,21863
White,AR,5054,7085,12139
Woodruff,AR,1734,1895,3629
Yell,AR,1949,3332,5281
Alameda,CA,,,
Alpine,CA,,,
Amador,CA,,,
Butte,CA,,,
Calaveras,CA,,,
Colusa,CA,,,
Contra Costa,CA,,,
Del Norte,CA,,,
El Dorado,CA,,,
Fresno,CA,,,
Glenn,CA,,,
Humboldt,CA,,,
Imperial,CA,,,
Inyo,CA,,,
Kern,CA,,,
Kings,CA,,,
Lake,CA,,,
Lassen,CA,,,
Los Angeles,CA,,,
Madera,CA,,,
Marin,CA,,,
Mariposa,CA,,,
Mendocino,CA,,,
Merced,CA,,,
Modoc,CA,,,
Mono,CA,,,
Monterey,CA,,,
Napa,CA,,,
Nevada,CA,,,
Orange,CA,,,
Placer,CA,,,
Plumas,CA,,,
Riverside,CA,,,
Sacramento,CA,,,
San Benito,CA,,,
San Bernardino,CA,,,
San Diego,CA,,,
San Francisco,CA,,,
San Joaquin,CA,,,
San Luis Obispo,CA,,,
San Mateo,CA,,,
Santa Barbara,CA,,,
Santa Clara,CA,,,
Santa Cruz,CA,,,
Shasta,CA,,,
Sierra,CA,,,
Siskiyou,CA,,,
Solano,CA,,,
Sonoma,CA,,,
Stanislaus,CA,,,
Sutter,CA,,,
Tehama,CA,,,
Trinity,CA,,,
Tulare,CA,,,
Tuolumne,CA,,,
Ventura,CA,,,
Yolo,CA,,,
Yuba,CA,,,
Adams,CO,,,
Alamosa,CO,,,
Arapahoe,CO,,,
Archuleta,CO,,,
Baca,CO,,,
Bent,CO,,,
Boulder,CO,,,
Broomfield,CO,,,
Chaffee,CO,,,
Cheyenne,CO,,,
Clear Creek,CO,,,
Conejos,CO,,,
Costilla,CO,,,
Crowley,CO,,,
Custer,CO,,,
Delta,CO,,,
Denver,CO,,,
Dolores,CO,,,
Douglas,CO,,,
Eagle,CO,,,
Elbert,CO,,,
El Paso,CO,,,
Fremont,CO,,,
Garfield,CO,,,
Gilpin,CO,,,
Grand,CO,,,
Gunnison,CO,,,
Hinsdale,CO,,,
Huerfano,CO,,,
Jackson,CO,,,
Jefferson,CO,,,
Kiowa,CO,,,
Kit Carson,CO,,,
Lake,CO,,,
La Plata,CO,,,
Larimer,CO,,,
Las Animas,CO,,,
Lincoln,CO,,,
Logan,CO,,,
Mesa,CO,,,
Mineral,CO,,,
Moffat,CO,,,
Montezuma,CO,,,
Montrose,CO,,,
Morgan,CO,,,
Otero,CO,,,
Ouray,CO,,,
Park,CO,,,
Phillips,CO,,,
Pitkin,CO,,,
Prowers,CO,,,
Pueblo,CO,,,
Rio Blanco,CO,,,
Rio Grande,CO,,,
Routt,CO,,,
Saguache,CO,,,
San Juan,CO,,,
San Miguel,CO,,,
Sedgwick,CO,,,
Summit,CO,,,
Teller,CO,,,
Washington,CO,,,
Weld,CO,,,
Yuma,CO,,,
Fairfield,CT,,,
Hartford,CT,,,
Litchfield,CT,,,
Middlesex,CT,,,
New Haven,CT,,,
New London,CT,,,
Tolland,CT,,,
Windham,CT,,,
Kent,DE,,,
New Castle,DE,,,
Sussex,DE,,,
District of Columbia,DC,,,
Alachua,FL,8696,19730,28426
Baker,FL,1962,781,2743
Bay,FL,15161,9141,24302
Bradford,FL,2840,1891,4731
Brevard,FL,21909,55405,77314
Broward,FL,31992,162735,194727
Calhoun,FL,2375,754,3129
Charlotte,FL,2270,9703,11973
Citrus,FL,2606,4542,7148
Clay,FL,4046,5205,9251
Collier,FL,2952,7592,10544
Columbia,FL,4046,3303,7349
DeSoto,FL,2054,2040,4094
Dixie,FL,1546,542,2088
Duval,FL,60559,106419,166978
Escambia,FL,37000,31370,68370
Flagler,FL,817,961,1778
Franklin,FL,1909,1228,3137
Gadsden,FL,4446,4611,9057
Gilchrist,FL,1119,391,1510
Glades,FL,600,491,1091
Gulf,FL,2725,1075,3800
Hamilton,FL,1574,1157,2731
Hardee,FL,2529,1981,4510
Hendry,FL,1638,1691,3329
Hernando,FL,2387,3577,5964
Highlands,FL,3475,7142,10617
Hillsborough,FL,46913,95289,142202
Holmes,FL,4700,689,5389
Indian River,FL,3022,9697,12719
Jackson,FL,8622,3708,12330
Jefferson,FL,1567,1525,3092
Lafayette,FL,1125,352,1477
Lake,FL,8442,16362,24804
Lee,FL,8741,22354,31095
Leon,FL,12878,19728,32606
Levy,FL,2449,1512,3961
Liberty,FL,1322,396,1718
Madison,FL,2703,2032,4735
Manatee,FL,8214,26533,34747
Marion,FL,9600,13266,22866
Martin,FL,2471,7759,10230
Miami-Dade,FL,53391,311911,365302
Monroe,FL,4271,10628,14899
Nassau,FL,3634,2899,6533
Okaloosa,FL,12237,8584,20821
Okeechobee,FL,1604,1404,3008
Orange,FL,27247,73422,100669
Osceola,FL,3462,6042,9504
Palm Beach,FL,21894,95028,116922
Pasco,FL,6966,16035,23001
Pinellas,FL,33814,177444,211258
Polk,FL,31540,43737,75277
Putnam,FL,5150,5875,11025
St. Johns,FL,4682,6628,11310
St. Lucie,FL,4410,12513,16923
Santa Rosa,FL,8549,4167,12716
Sarasota,FL,7041,40287,47328
Seminole,FL,7275,16941,24216
Sumter,FL,2879,2187,5066
Suwannee,FL,3955,2027,5982
Taylor,FL,3318,1735,5053
Union,FL,1192,469,1661
Volusia,FL,17209,53011,70220
Wakulla,FL,1668,687,2355
Walton,FL,5135,2027,7162
Washington,FL,3682,1250,4932
Appling,GA,2678,1555,4233
Atkinson,GA,1554,974,2528
Bacon,GA,1935,865,2800
Baker,GA,1067,647,1714
Baldwin,GA,2678,4427,7111
Banks,GA,1434,694,2128
Barrow,GA,2731,2442,5173
Bartow,GA,4052,4194,8251
Ben Hill,GA,1833,1537,3371
Berrien,GA,2810,1017,3828
Bibb,GA,17328,24069,41397
Bleckley,GA,2458,1152,3611
Brantley,GA,1709,554,2263
Brooks,GA,2404,1376,3780
Bryan,GA,1428,941,2369
Bulloch,GA,3953,3901,7854
Burke,GA,1802,3092,4894
Butts,GA,1490,1543,3033
Calhoun,GA,979,931,1910
Camden,GA,1988,1897,3885
Candler,GA,1624,1139,2763
Carroll,GA,6509,5461,11970
Catoosa,GA,6449,2944,9393
Charlton,GA,1157,787,1944
Chatham,GA,17238,36307,53545
Chattahoochee,GA,303,218,521
Chattooga,GA,3024,2342,5366
Cherokee,GA,3351,4109,7462
Clarke,GA,3452,11343,14808
Clay,GA,608,649,1258
Clayton,GA,11665,11766,23438
Clinch,GA,1142,638,1780
Cobb,GA,17805,27404,45209
Coffee,GA,3785,2572,6357
Colquitt,GA,6325,3001,9326
Columbia,GA,2207,2541,4748
Cook,GA,2438,1124,3564
Coweta,GA,3791,3646,7437
Crawford,GA,886,735,1621
Crisp,GA,3271,1952,5223
Dade,GA,2460,895,3355
Dawson,GA,845,755,1600
Decatur,GA,4576,2478,7054
DeKalb,GA,23954,80281,104237
Dodge,GA,3406,2285,5691
Dooly,GA,1803,1333,3136
Dougherty,GA,9317,9442,18762
Douglas,GA,4159,3090,7249
Early,GA,2797,1112,3909
Echols,GA,533,109,642
Effingham,GA,2561,1404,3965
Elbert,GA,3252,2130,5382
Emanuel,GA,3307,2805,6112
Evans,GA,1475,1035,2510
Fannin,GA,1188,4704,5892
Fayette,GA,1888,1418,3307
Floyd,GA,10001,11506,21512
Forsyth,GA,2397,2036,4433
Franklin,GA,2691,1482,4173
Fulton,GA,36995,142000,179068
Gilmer,GA,1259,2764,4023
Glascock,GA,733,232,965
Glynn,GA,5341,6972,12317
Gordon,GA,3077,2976,6053
Grady,GA,3817,1986,5803
Greene,GA,1223,2287,3510
Gwinnett,GA,8909,8576,17489
Habersham,GA,3008,2681,5689
Hall,GA,5546,8097,13643
Hancock,GA,1104,2546,3650
Haralson,GA,3251,2222,5473
Harris,GA,1851,2093,3944
Hart,GA,3208,1565,4774
Heard,GA,1153,659,1812
Henry,GA,3604,4334,7938
Houston,GA,7339,7116,14457
Irwin,GA,1955,904,2860
Jackson,GA,3473,2676,6149
Jasper,GA,926,1291,2217
Jeff Davis,GA,1958,953,2911
Jefferson,GA,2090,3126,5218
Jenkins,GA,1249,1278,2527
Johnson,GA,2041,827,2868
Jones,GA,1770,1798,3568
Lamar,GA,1440,1365,2805
Lanier,GA,1024,518,1542
Laurens,GA,6649,6189,12838
Lee,GA,1201,1062,2264
Liberty,GA,1365,2164,3529
Lincoln,GA,1290,899,2189
Long,GA,1037,730,1767
Lowndes,GA,5679,5475,11154
Lumpkin,GA,1048,1083,2131
McDuffie,GA,1709,2315,4025
McIntosh,GA,841,1258,2099
Macon,GA,1559,1552,3111
Madison,GA,2529,1221,3751
Marion,GA,849,433,1282
Meriwether,GA,2571,2880,5451
Miller,GA,1862,420,2282
Mitchell,GA,3647,1986,5634
Monroe,GA,1422,1798,3220
Montgomery,GA,1433,855,2288
Morgan,GA,1391,1589,2980
Murray,GA,1750,2096,3846
Muscogee,GA,15804,18784,34590
Newton,GA,3017,3656,6675
Oconee,GA,1405,1127,2532
Oglethorpe,GA,1737,866,2603
Paulding,GA,3054,2000,5054
Peach,GA,1638,2266,3904
Pickens,GA,1392,2336,3728
Pierce,GA,2144,1086,3230
Pike,GA,1442,977,2419
Polk,GA,4240,3736,7976
Pulaski,GA,1569,1109,2678
Putnam,GA,1177,1566,2743
Quitman,GA,459,288,747
Rabun,GA,1407,1270,2679
Randolph,GA,1438,1530,2968
Richmond,GA,9532,26763,36302
Rockdale,GA,2215,2408,4623
Schley,GA,619,473,1092
Screven,GA,1830,2327,4157
Seminole,GA,1922,570,2493
Spalding,GA,4953,6026,10979
Stephens,GA,2802,2330,5132
Stewart,GA,932,722,1654
Sumter,GA,3489,3084,6573
Talbot,GA,688,827,1515
Taliaferro,GA,508,910,1418
Tattnall,GA,3405,1809,5214
Taylor,GA,1626,1084,2710
Telfair,GA,2502,1758,4260
Terrell,GA,1798,1820,3619
Thomas,GA,5039,4844,9885
Tift,GA,3942,2879,6821
Toombs,GA,3405,2293,5698
Towns,GA,589,2262,2851
Treutlen,GA,1081,815,1896
Troup,GA,6232,6135,12367
Turner,GA,1845,831,2676
Twiggs,GA,1167,1148,2315
Union,GA,906,2195,3101
Upson,GA,3599,2974,6573
Walker,GA,8725,5594,14321
Walton,GA,4047,2951,6998
Ware,GA,5895,4302,10197
Warren,GA,767,988,1755
Washington,GA,2029,2690,4719
Wayne,GA,3422,2293,5715
Webster,GA,494,219,713
Wheeler,GA,934,739,1673
White,GA,1157,1197,2355
Whitfield,GA,3954,7551,11508
Wilcox,GA,1822,846,2668
Wilkes,GA,1709,1826,3535
Wilkinson,GA,1870,1514,3384
Worth,GA,3049,1322,4372
Hawaii,HI,,,
Honolulu,HI,,,
Kalawao,HI,,,
Kauai,HI,,,
Maui,HI,,,
Ada,ID,,,
Adams,ID,,,
Bannock,ID,,,
Bear Lake,ID,,,
Benewah,ID,,,
Bingham,ID,,,
Blaine,ID,,,
Boise,ID,,,
Bonner,ID,,,
Bonneville,ID,,,
Boundary,ID,,,
Butte,ID,,,
Camas,ID,,,
Canyon,ID,,,
Caribou,ID,,,
Cassia,ID,,,
Clark,ID,,,
Clearwater,ID,,,
Custer,ID,,,
Elmore,ID,,,
Franklin,ID,,,
Fremont,ID,,,
Gem,ID,,,
Gooding,ID,,,
Idaho,ID,,,
Jefferson,ID,,,
Jerome,ID,,,
Kootenai,ID,,,
Latah,ID,,,
Lemhi,ID,,,
Lewis,ID,,,
Lincoln,ID,,,
Madison,ID,,,
Minidoka,ID,,,
Nez Perce,ID,,,
Oneida,ID,,,
Owyhee,ID,,,
Payette,ID,,,
Power,ID,,,
Shoshone,ID,,,
Teton,ID,,,
Twin Falls,ID,,,
Valley,ID,,,
Washington,ID,,,
Adams,IL,,,
Alexander,IL,,,
Bond,IL,,,
Boone,IL,,,
Brown,IL,,,
Bureau,IL,,,
Calhoun,IL,,,
Carroll,IL,,,
Cass,IL,,,
Champaign,IL,,,
Christian,IL,,,
Clark,IL,,,
Clay,IL,,,
Clinton,IL,,,
Coles,IL,,,
Cook,IL,,,
Crawford,IL,,,
Cumberland,IL,,,
DeKalb,IL,,,
De Witt,IL,,,
Douglas,IL,,,
DuPage,IL,,,
Edgar,IL,,,
Edwards,IL,,,
Effingham,IL,,,
Fayette,IL,,,
Ford,IL,,,
Franklin,IL,,,
Fulton,IL,,,
Gallatin,IL,,,
Greene,IL,,,
Grundy,IL,,,
Hamilton,IL,,,
Hancock,IL,,,
Hardin,IL,,,
Henderson,IL,,,
Henry,IL,,,
Iroquois,IL,,,
Jackson,IL,,,
Jasper,IL,,,
Jefferson,IL,,,
Jersey,IL,,,
Jo Daviess,IL,,,
Johnson,IL,,,
Kane,IL,,,
Kankakee,IL,,,
Kendall,IL,,,
Knox,IL,,,
Lake,IL,,,
LaSalle,IL,,,
Lawrence,IL,,,
Lee,IL,,,
Livingston,IL,,,
Logan,IL,,,
McDonough,IL,,,
McHenry,IL,,,
McLean,IL,,,
Macon,IL,,,
Macoupin,IL,,,
Madison,IL,,,
Marion,IL,,,
Marshall,IL,,,
Mason,IL,,,
Massac,IL,,,
Menard,IL,,,
Mercer,IL,,,
Monroe,IL,,,
Montgomery,IL,,,
Morgan,IL,,,
Moultrie,IL,,,
Ogle,IL,,,
Peoria,IL,,,
Perry,IL,,,
Piatt,IL,,,
Pike,IL,,,
Pope,IL,,,
Pulaski,IL,,,
Putnam,IL,,,
Randolph,IL,,,
Richland,IL,,,
Rock Island,IL,,,
St. Clair,IL,,,
Saline,IL,,,
Sangamon,IL,,,
Schuyler,IL,,,
Scott,IL,,,
Shelby,IL,,,
Stark,IL,,,
Stephenson,IL,,,
Tazewell,IL,,,
Union,IL,,,
Vermilion,IL,,,
Wabash,IL,,,
Warren,IL,,,
Washington,IL,,,
Wayne,IL,,,
White,IL,,,
Whiteside,IL,,,
Will,IL,,,
Williamson,IL,,,
Winnebago,IL,,,
Woodford,IL,,,
Adams,IN,,,
Allen,IN,,,
Bartholomew,IN,,,
Benton,IN,,,
Blackford,IN,,,
Boone,IN,,,
Brown,IN,,,
Carroll,IN,,,
Cass,IN,,,
Clark,IN,,,
Clay,IN,,,
Clinton,IN,,,
Crawford,IN,,,
Daviess,IN,,,
Dearborn,IN,,,
Decatur,IN,,,
DeKalb,IN,,,
Delaware,IN,,,
Dubois,IN,,,
Elkhart,IN,,,
Fayette,IN,,,
Floyd,IN,,,
Fountain,IN,,,
Franklin,IN,,,
Fulton,IN,,,
Gibson,IN,,,
Grant,IN,,,
Greene,IN,,,
Hamilton,IN,,,
Hancock,IN,,,
Harrison,IN,,,
Hendricks,IN,,,
Henry,IN,,,
Howard,IN,,,
Huntington,IN,,,
Jackson,IN,,,
Jasper,IN,,,
Jay,IN,,,
Jefferson,IN,,,
Jennings,IN,,,
Johnson,IN,,,
Knox,IN,,,
Kosciusko,IN,,,
LaGrange,IN,,,
Lake,IN,,,
LaPorte,IN,,,
Lawrence,IN,,,
Madison,IN,,,
Marion,IN,,,
Marshall,IN,,,
Martin,IN,,,
Miami,IN,,,
Monroe,IN,,,
Montgomery,IN,,,
Morgan,IN,,,
Newton,IN,,,
Noble,IN,,,
Ohio,IN,,,
Orange,IN,,,
Owen,IN,,,
Parke,IN,,,
Perry,IN,,,
Pike,IN,,,
Porter,IN,,,
Posey,IN,,,
Pulaski,IN,,,
Putnam,IN,,,
Randolph,IN,,,
Ripley,IN,,,
Rush,IN,,,
St. Joseph,IN,,,
Scott,IN,,,
Shelby,IN,,,
Spencer,IN,,,
Starke,IN,,,
Steuben,IN,,,
Sullivan,IN,,,
Switzerland,IN,,,
Tippecanoe,IN,,,
Tipton,IN,,,
Union,IN,,,
Vanderburgh,IN,,,
Vermillion,IN,,,
Vigo,IN,,,
Wabash,IN,,,
Warren,IN,,,
Warrick,IN,,,
Washington,IN,,,
Wayne,IN,,,
Wells,IN,,,
White,IN,,,
Whitley,IN,,,
Adair,IA,,,
Adams,IA,,,
Allamakee,IA,,,
Appanoose,IA,,,
Audubon,IA,,,
Benton,IA,,,
Black Hawk,IA,,,
Boone,IA,,,
Bremer,IA,,,
Buchanan,IA,,,
Buena Vista,IA,,,
Butler,IA,,,
Calhoun,IA,,,
Carroll,IA,,,
Cass,IA,,,
Cedar,IA,,,
Cerro Gordo,IA,,,
Cherokee,IA,,,
Chickasaw,IA,,,
Clarke,IA,,,
Clay,IA,,,
Clayton,IA,,,
Clinton,IA,,,
Crawford,IA,,,
Dallas,IA,,,
Davis,IA,,,
Decatur,IA,,,
Delaware,IA,,,
Des Moines,IA,,,
Dickinson,IA,,,
Dubuque,IA,,,
Emmet,IA,,,
Fayette,IA,,,
Floyd,IA,,,
Franklin,IA,,,
Fremont,IA,,,
Greene,IA,,,
Grundy,IA,,,
Guthrie,IA,,,
Hamilton,IA,,,
Hancock,IA,,,
Hardin,IA,,,
Harrison,IA,,,
Henry,IA,,,
Howard,IA,,,
Humboldt,IA,,,
Ida,IA,,,
Iowa,IA,,,
Jackson,IA,,,
Jasper,IA,,,
Jefferson,IA,,,
Johnson,IA,,,
Jones,IA,,,
Keokuk,IA,,,
Kossuth,IA,,,
Lee,IA,,,
Linn,IA,,,
Louisa,IA,,,
Lucas,IA,,,
Lyon,IA,,,
Madison,IA,,,
Mahaska,IA,,,
Marion,IA,,,
Marshall,IA,,,
Mills,IA,,,
Mitchell,IA,,,
Monona,IA,,,
Monroe,IA,,,
Montgomery,IA,,,
Muscatine,IA,,,
O'Brien,IA,,,
Osceola,IA,,,
Page,IA,,,
Palo Alto,IA,,,
Plymouth,IA,,,
Pocahontas,IA,,,
Polk,IA,,,
Pottawattamie,IA,,,
Poweshiek,IA,,,
Ringgold,IA,,,
Sac,IA,,,
Scott,IA,,,
Shelby,IA,,,
Sioux,IA,,,
Story,IA,,,
Tama,IA,,,
Taylor,IA,,,
Union,IA,,,
Van Buren,IA,,,
Wapello,IA,,,
Warren,IA,,,
Washington,IA,,,
Wayne,IA,,,
Webster,IA,,,
Winnebago,IA,,,
Winneshiek,IA,,,
Woodbury,IA,,,
Worth,IA,,,
Wright,IA,,,
Allen,KS,,,
Anderson,KS,,,
Atchison,KS,,,
Barber,KS,,,
Barton,KS,,,
Bourbon,KS,,,
Brown,KS,,,
Butler,KS,,,
Chase,KS,,,
Chautauqua,KS,,,
Cherokee,KS,,,
Cheyenne,KS,,,
Clark,KS,,,
Clay,KS,,,
Cloud,KS,,,
Coffey,KS,,,
Comanche,KS,,,
Cowley,KS,,,
Crawford,KS,,,
Decatur,KS,,,
Dickinson,KS,,,
Doniphan,KS,,,
Douglas,KS,,,
Edwards,KS,,,
Elk,KS,,,
Ellis,KS,,,
Ellsworth,KS,,,
Finney,KS,,,
Ford,KS,,,
Franklin,KS,,,
Geary,KS,,,
Gove,KS,,,
Graham,KS,,,
Grant,KS,,,
Gray,KS,,,
Greeley,KS,,,
Greenwood,KS,,,
Hamilton,KS,,,
Harper,KS,,,
Harvey,KS,,,
Haskell,KS,,,
Hodgeman,KS,,,
Jackson,KS,,,
Jefferson,KS,,,
Jewell,KS,,,
Johnson,KS,,,
Kearny,KS,,,
Kingman,KS,,,
Kiowa,KS,,,
Labette,KS,,,
Lane,KS,,,
Leavenworth,KS,,,
Lincoln,KS,,,
Linn,KS,,,
Logan,KS,,,
Lyon,KS,,,
McPherson,KS,,,
Marion,KS,,,
Marshall,KS,,,
Meade,KS,,,
Miami,KS,,,
Mitchell,KS,,,
Montgomery,KS,,,
Morris,KS,,,
Morton,KS,,,
Nemaha,KS,,,
Neosho,KS,,,
Ness,KS,,,
Norton,KS,,,
Osage,KS,,,
Osborne,KS,,,
Ottawa,KS,,,
Pawnee,KS,,,
Phillips,KS,,,
Pottawatomie,KS,,,
Pratt,KS,,,
Rawlins,KS,,,
Reno,KS,,,
Republic,KS,,,
Rice,KS,,,
Riley,KS,,,
Rooks,KS,,,
Rush,KS,,,
Russell,KS,,,
Saline,KS,,,
Scott,KS,,,
Sedgwick,KS,,,
Seward,KS,,,
Shawnee,KS,,,
Sheridan,KS,,,
Sherman,KS,,,
Smith,KS,,,
Stafford,KS,,,
Stanton,KS,,,
Stevens,KS,,,
Sumner,KS,,,
Thomas,KS,,,
Trego,KS,,,
Wabaunsee,KS,,,
Wallace,KS,,,
Washington,KS,,,
Wichita,KS,,,
Wilson,KS,,,
Woodson,KS,,,
Wyandotte,KS,,,
Adair,KY,844,4601,5450
Allen,KY,905,3879,4790
Anderson,KY,657,2928,3596
Ballard,KY,1197,2196,3444
Barren,KY,2140,7673,9826
Bath,KY,658,2671,3331
Bell,KY,1204,9043,10275
Boone,KY,2240,6806,9051
Bourbon,KY,1023,4414,5460
Boyd,KY,2443,16546,19001
Boyle,KY,1356,5378,6738
Bracken,KY,548,2182,2732
Breathitt,KY,361,4315,4678
Breckinridge,KY,1067,4803,5873
Bullitt,KY,2180,4100,6310
Butler,KY,634,3328,3967
Caldwell,KY,1426,3578,5065
Calloway,KY,2150,6526,8682
Campbell,KY,4750,23428,28203
Carlisle,KY,807,1623,2438
Carroll,KY,514,2633,3152
Carter,KY,926,5578,6511
Casey,KY,649,4577,5235
Christian,KY,4527,8069,12614
Clark,KY,1722,5083,6808
Clay,KY,327,5876,6204
Clinton,KY,280,3140,3425
Crittenden,KY,748,2780,3533
Cumberland,KY,355,2762,3120
Daviess,KY,5015,20058,25142
Edmonson,KY,516,2959,3484
Elliott,KY,280,1902,2186
Estill,KY,675,3497,4174
Fayette,KY,8354,41850,50373
Fleming,KY,535,3626,4167
Floyd,KY,1150,11883,13043
Franklin,KY,2655,10453,13165
Fulton,KY,1526,2283,3818
Gallatin,KY,304,1098,1407
Garrard,KY,675,3205,3927
Grant,KY,941,2555,3522
Graves,KY,3829,8342,12213
Grayson,KY,657,5193,5885
Green,KY,712,3451,4170
Greenup,KY,1365,9387,10755
Hancock,KY,419,1916,2347
Hardin,KY,2845,9799,12737
Harlan,KY,2099,10961,13077
Harrison,KY,839,4010,4850
Hart,KY,1002,4475,5484
Henderson,KY,2132,8574,10726
Henry,KY,711,3249,3967
Hickman,KY,1154,1503,2686
Hopkins,KY,3668,8182,11869
Jackson,KY,279,3402,3684
Jefferson,KY,35561,186184,222657
Jessamine,KY,1440,3672,5143
Johnson,KY,344,6188,6536
Kenton,KY,7612,31919,39557
Knott,KY,428,4433,4867
Knox,KY,944,6632,7595
Larue,KY,776,3113,3897
Laurel,KY,1236,8007,9251
Lawrence,KY,476,3771,4249
Lee,KY,285,2013,2298
Leslie,KY,236,3443,3679
Letcher,KY,920,6742,7667
Lewis,KY,472,3777,4257
Lincoln,KY,1129,4327,5461
Livingston,KY,953,2351,3307
Logan,KY,1881,6741,8687
Lyon,KY,619,1298,1938
McCracken,KY,5810,15628,21544
McCreary,KY,479,3429,3949
Madison,KY,2558,9209,11878
Magoffin,KY,229,3894,4123
McLean,KY,1084,2745,3840
Marion,KY,849,4056,4906
Marshall,KY,2183,5733,7921
Martin,KY,136,2702,2840
Mason,KY,1131,5433,6570
Meade,KY,886,3311,4200
Menifee,KY,247,1063,1317
Mercer,KY,1227,4382,5646
Metcalfe,KY,469,2567,3046
Monroe,KY,590,4779,5372
Montgomery,KY,980,3521,4508
Morgan,KY,398,3563,3961
Muhlenberg,KY,2198,7541,9750
Nelson,KY,1104,5793,6916
Nicholas,KY,413,1636,2062
Ohio,KY,1263,5199,6470
Oldham,KY,937,3054,3993
Owen,KY,697,2435,3134
Owsley,KY,157,1720,1877
Pendleton,KY,760,2770,3533
Perry,KY,983,8555,9541
Pike,KY,1933,20574,22526
Powell,KY,625,2091,2718
Pulaski,KY,1780,11113,12901
Robertson,KY,186,822,1011
Rockcastle,KY,644,3940,4588
Rowan,KY,541,3915,4459
Russell,KY,718,3996,4721
Scott,KY,1242,3709,4984
Shelby,KY,1185,4866,6054
Simpson,KY,1390,2940,4339
Spencer,KY,448,1297,1750
Taylor,KY,1554,4399,5959
Todd,KY,1932,2515,4479
Trigg,KY,1180,2430,3621
Trimble,KY,406,1556,1967
Union,KY,1804,3987,5794
Warren,KY,4365,13284,17665
Washington,KY,472,3538,4019
Wayne,KY,475,4522,5002
Webster,KY,1337,3560,4905
Whitley,KY,1650,7773,9439
Wolfe,KY,282,1920,2207
Woodford,KY,894,3547,4472
Acadia,LA,9715,7276,16991
Allen,LA,4229,3030,7259
Ascension,LA,6004,4541,10545
Assumption,LA,2898,3307,6205
Avoyelles,LA,6760,5252,12012
Beauregard,LA,4048,3184,7232
Bienville,LA,3466,2709,6175
Bossier,LA,9249,6527,15776
Caddo,LA,28463,38899,67362
Calcasieu,LA,20250,24113,44363
Caldwell,LA,2252,1463,3715
Cameron,LA,1655,938,2593
Catahoula,LA,2677,1524,4201
Claiborne,LA,3311,2662,5973
Concordia,LA,4542,2957,7499
De Soto,LA,4190,4374,8564
East Baton Rouge,LA,35250,43431,78681
East Carroll,LA,1706,2512,4218
East Feliciana,LA,2225,1866,4091
Evangeline,LA,7362,4196,11558
Franklin,LA,5394,1733,7127
Grant,LA,3470,2045,5515
Iberia,LA,8071,10958,19029
Iberville,LA,4290,5497,9787
Jackson,LA,3941,2629,6570
Jefferson,LA,41902,49671,91573
Jefferson Davis,LA,4897,4854,9751
Lafayette,LA,11723,18652,30375
Lafourche,LA,10910,10313,21223
LaSalle,LA,3878,1968,5846
Lincoln,LA,4225,4652,8877
Livingston,LA,9907,2347,12254
Madison,LA,2380,3218,5598
Morehouse,LA,5377,3515,8892
Natchitoches,LA,5505,6297,11802
Orleans,LA,58489,120179,178668
Ouachita,LA,15145,16559,31704
Plaquemines,LA,6430,2112,8542
Pointe Coupee,LA,3508,3989,7497
Rapides,LA,16239,18992,35231
Red River,LA,2477,1294,3771
Richland,LA,4415,2048,6463
Sabine,LA,4526,2284,6810
St. Bernard,LA,13056,5971,19027
St. Charles,LA,4383,4745,9128
St. Helena,LA,1800,1570,3370
St. James,LA,2765,3765,6530
St. John the Baptist,LA,3246,4185,7431
St. Landry,LA,12659,12133,24792
St. Martin,LA,4759,4946,9705
St. Mary,LA,6761,9898,16659
St. Tammany,LA,11470,9291,20761
Tangipahoa,LA,13088,7890,20978
Tensas,LA,1290,1348,2638
Terrebonne,LA,8836,9841,18677
Union,LA,4297,2449,6746
Vermilion,LA,8124,7084,15208
Vernon,LA,5536,3070,8606
Washington,LA,11002,4716,15718
Webster,LA,8646,5367,14013
West Baton Rouge,LA,2569,2685,5254
West Carroll,LA,3574,980,4554
West Feliciana,LA,1073,1599,2672
Winn,LA,4015,2280,6295
Androscoggin,ME,,,
Aroostook,ME,,,
Cumberland,ME,,,
Franklin,ME,,,
Hancock,ME,,,
Kennebec,ME,,,
Knox,ME,,,
Lincoln,ME,,,
Oxford,ME,,,
Penobscot,ME,,,
Piscataquis,ME,,,
Sagadahoc,ME,,,
Somerset,ME,,,
Waldo,ME,,,
Washington,ME,,,
York,ME,,,
Allegany,MD,,,
Anne Arundel,MD,,,
Baltimore Co.,MD,,,
Calvert,MD,,,
Caroline,MD,,,
Carroll,MD,,,
Cecil,MD,,,
Charles,MD,,,
Dorchester,MD,,,
Frederick,MD,,,
Garrett,MD,,,
Harford,MD,,,
Howard,MD,,,
Kent,MD,,,
Montgomery,MD,,,
Prince George's,MD,,,
Queen Anne's,MD,,,
St. Mary's,MD,,,
Somerset,MD,,,
Talbot,MD,,,
Washington,MD,,,
Wicomico,MD,,,
Worcester,MD,,,
Baltimore city,MD,,,
Barnstable,MA,,,
Berkshire,MA,,,
Bristol,MA,,,
Dukes,MA,,,
Essex,MA,,,
Franklin,MA,,,
Hampden,MA,,,
Hampshire,MA,,,
Middlesex,MA,,,
Nantucket,MA,,,
Norfolk,MA,,,
Plymouth,MA,,,
Suffolk,MA,,,
Worcester,MA,,,
Alcona,MI,,,
Alger,MI,,,
Allegan,MI,,,
Alpena,MI,,,
Antrim,MI,,,
Arenac,MI,,,
Baraga,MI,,,
Barry,MI,,,
Bay,MI,,,
Benzie,MI,,,
Berrien,MI,,,
Branch,MI,,,
Calhoun,MI,,,
Cass,MI,,,
Charlevoix,MI,,,
Cheboygan,MI,,,
Chippewa,MI,,,
Clare,MI,,,
Clinton,MI,,,
Crawford,MI,,,
Delta,MI,,,
Dickinson,MI,,,
Eaton,MI,,,
Emmet,MI,,,
Genesee,MI,,,
Gladwin,MI,,,
Gogebic,MI,,,
Grand Traverse,MI,,,
Gratiot,MI,,,
Hillsdale,MI,,,
Houghton,MI,,,
Huron,MI,,,
Ingham,MI,,,
Ionia,MI,,,
Iosco,MI,,,
Iron,MI,,,
Isabella,MI,,,
Jackson,MI,,,
Kalamazoo,MI,,,
Kalkaska,MI,,,
Kent,MI,,,
Keweenaw,MI,,,
Lake,MI,,,
Lapeer,MI,,,
Leelanau,MI,,,
Lenawee,MI,,,
Livingston,MI,,,
Luce,MI,,,
Mackinac,MI,,,
Macomb,MI,,,
Manistee,MI,,,
Marquette,MI,,,
Mason,MI,,,
Mecosta,MI,,,
Menominee,MI,,,
Midland,MI,,,
Missaukee,MI,,,
Monroe,MI,,,
Montcalm,MI,,,
Montmorency,MI,,,
Muskegon,MI,,,
Newaygo,MI,,,
Oakland,MI,,,
Oceana,MI,,,
Ogemaw,MI,,,
Ontonagon,MI,,,
Osceola,MI,,,
Oscoda,MI,,,
Otsego,MI,,,
Ottawa,MI,,,
Presque Isle,MI,,,
Roscommon,MI,,,
Saginaw,MI,,,
St. Clair,MI,,,
St. Joseph,MI,,,
Sanilac,MI,,,
Schoolcraft,MI,,,
Shiawassee,MI,,,
Tuscola,MI,,,
Van Buren,MI,,,
Washtenaw,MI,,,
Wayne,MI,,,
Wexford,MI,,,
Aitkin,MN,,,
Anoka,MN,,,
Becker,MN,,,
Beltrami,MN,,,
Benton,MN,,,
Big Stone,MN,,,
Blue Earth,MN,,,
Brown,MN,,,
Carlton,MN,,,
Carver,MN,,,
Cass,MN,,,
Chippewa,MN,,,
Chisago,MN,,,
Clay,MN,,,
Clearwater,MN,,,
Cook,MN,,,
Cottonwood,MN,,,
Crow Wing,MN,,,
Dakota,MN,,,
Dodge,MN,,,
Douglas,MN,,,
Faribault,MN,,,
Fillmore,MN,,,
Freeborn,MN,,,
Goodhue,MN,,,
Grant,MN,,,
Hennepin,MN,,,
Houston,MN,,,
Hubbard,MN,,,
Isanti,MN,,,
Itasca,MN,,,
Jackson,MN,,,
Kanabec,MN,,,
Kandiyohi,MN,,,
Kittson,MN,,,
Koochiching,MN,,,
Lac qui Parle,MN,,,
Lake,MN,,,
Lake of the Woods,MN,,,
Le Sueur,MN,,,
Lincoln,MN,,,
Lyon,MN,,,
McLeod,MN,,,
Mahnomen,MN,,,
Marshall,MN,,,
Martin,MN,,,
Meeker,MN,,,
Mille Lacs,MN,,,
Morrison,MN,,,
Mower,MN,,,
Murray,MN,,,
Nicollet,MN,,,
Nobles,MN,,,
Norman,MN,,,
Olmsted,MN,,,
Otter Tail,MN,,,
Pennington,MN,,,
Pine,MN,,,
Pipestone,MN,,,
Polk,MN,,,
Pope,MN,,,
Ramsey,MN,,,
Red Lake,MN,,,
Redwood,MN,,,
Renville,MN,,,
Rice,MN,,,
Rock,MN,,,
Roseau,MN,,,
St. Louis,MN,,,
Scott,MN,,,
Sherburne,MN,,,
Sibley,MN,,,
Stearns,MN,,,
Steele,MN,,,
Stevens,MN,,,
Swift,MN,,,
Todd,MN,,,
Traverse,MN,,,
Wabasha,MN,,,
Wadena,MN,,,
Waseca,MN,,,
Washington,MN,,,
Watonwan,MN,,,
Wilkin,MN,,,
Winona,MN,,,
Wright,MN,,,
Yellow Medicine,MN,,,
Adams,MS,6812,6689,13501
Alcorn,MS,6304,2882,9186
Amite,MS,3206,1926,5132
Attala,MS,4776,2187,6963
Benton,MS,1630,1035,2665
Bolivar,MS,5018,6486,11504
Calhoun,MS,4823,670,5493
Carroll,MS,2131,1063,3194
Chickasaw,MS,4062,1101,5163
Choctaw,MS,2543,628,3171
Claiborne,MS,1143,2359,3502
Clarke,MS,4214,1176,5390
Clay,MS,3505,2004,5509
Coahoma,MS,3671,7227,10898
Copiah,MS,4951,3428,8379
Covington,MS,3668,1136,4804
DeSoto,MS,5346,2990,8336
Forrest,MS,9975,6251,16226
Franklin,MS,2429,1013,3442
George,MS,3992,385,4377
Greene,MS,2744,581,3325
Grenada,MS,4335,2768,7103
Hancock,MS,4072,1969,6041
Harrison,MS,18157,11091,29248
Hinds,MS,32366,28368,60734
Holmes,MS,3008,4401,7409
Humphreys,MS,2151,1477,3628
Issaquena,MS,534,571,1105
Itawamba,MS,5204,986,6190
Jackson,MS,15261,5178,20439
Jasper,MS,3100,1360,4460
Jefferson,MS,1112,2268,3380
Jefferson Davis,MS,2614,1762,4376
Jones,MS,12276,5718,17994
Kemper,MS,2530,822,3352
Lafayette,MS,3329,2813,6142
Lamar,MS,4422,897,5319
Lauderdale,MS,14842,5523,20365
Lawrence,MS,2825,1069,3894
Leake,MS,4568,1748,6316
Lee,MS,9232,4434,13666
Leflore,MS,5732,5900,11632
Lincoln,MS,7276,2642,9918
Lowndes,MS,6829,4197,11026
Madison,MS,4071,5391,9462
Marion,MS,5848,2485,8333
Marshall,MS,2794,3484,6278
Monroe,MS,7856,2673,10529
Montgomery,MS,2988,1371,4359
Neshoba,MS,6417,1398,7815
Newton,MS,5561,1341,6902
Noxubee,MS,2040,1619,3659
Oktibbeha,MS,4127,3102,7229
Panola,MS,4133,3841,7974
Pearl River,MS,6050,2224,8274
Perry,MS,2541,666,3207
Pike,MS,5846,4308,10154
Pontotoc,MS,4798,1332,6130
Prentiss,MS,5055,1163,6218
Quitman,MS,2443,1936,4379
Rankin,MS,9224,3099,12323
Scott,MS,5093,1671,6764
Sharkey,MS,1188,1221,2409
Simpson,MS,5064,1954,7018
Smith,MS,4367,789,5156
Stone,MS,2140,572,2712
Sunflower,MS,3932,3638,7570
Tallahatchie,MS,3076,2054,5130
Tate,MS,2810,1767,4577
Tippah,MS,4627,1252,5879
Tishomingo,MS,4569,975,5544
Tunica,MS,783,1546,2329
Union,MS,5198,1572,6770
Walthall,MS,3186,1620,4806
Warren,MS,7217,6895,14112
Washington,MS,6300,9020,15320
Wayne,MS,4089,986,5075
Webster,MS,3398,625,4023
Wilkinson,MS,1503,2416,3919
Winston,MS,4635,1419,6054
Yalobusha,MS,2725,1435,4160
Yazoo,MS,4939,3121,8060
Adair,MO,592,7269,7861
Andrew,MO,359,5403,5762
Atchison,MO,337,3958,4295
Audrain,MO,1012,9811,10823
Barry,MO,758,8935,9693
Barton,MO,499,4760,5259
Bates,MO,801,7457,8258
Benton,MO,498,4244,4742
Bollinger,MO,583,3976,4559
Boone,MO,2015,23688,25703
Buchanan,MO,2752,31961,34713
Butler,MO,2759,10705,13464
Caldwell,MO,430,4121,4551
Callaway,MO,1276,8015,9291
Camden,MO,633,5105,5738
Cape Girardeau,MO,2351,16954,19305
Carroll,MO,645,6153,6798
Carter,MO,289,1599,1888
Cass,MO,1938,9739,11677
Cedar,MO,430,4158,4588
Chariton,MO,509,4775,5284
Christian,MO,633,5605,6238
Clark,MO,342,3600,3942
Clay,MO,6972,37190,44162
Clinton,MO,619,5184,5803
Cole,MO,1625,17491,19116
Cooper,MO,530,6913,7443
Crawford,MO,671,5648,6319
Dade,MO,330,3167,3497
Dallas,MO,465,4072,4537
Daviess,MO,334,3964,4298
DeKalb,MO,285,3564,3849
Dent,MO,469,4179,4648
Douglas,MO,412,3814,4226
Dunklin,MO,2903,9429,12332
Franklin,MO,1960,17389,19349
Gasconade,MO,364,5531,5895
Gentry,MO,216,4475,4691
Greene,MO,6751,52297,59048
Grundy,MO,419,5189,5608
Harrison,MO,412,4780,5192
Henry,MO,682,7338,8020
Hickory,MO,209,2021,2230
Holt,MO,379,3242,3621
Howard,MO,507,4158,4665
Howell,MO,1444,8394,9838
Iron,MO,491,3355,3846
Jackson,MO,28980,203240,232220
Jasper,MO,3181,27781,30962
Jefferson,MO,6115,24938,31053
Johnson,MO,1018,8318,9336
Knox,MO,350,2819,3169
Laclede,MO,852,7818,8670
Lafayette,MO,1105,11699,12804
Lawrence,MO,898,10544,11442
Lewis,MO,537,4105,4642
Lincoln,MO,1297,6327,7624
Linn,MO,513,7728,8241
Livingston,MO,518,7294,7812
McDonald,MO,681,5213,5894
Macon,MO,821,7266,8087
Madison,MO,615,3685,4300
Maries,MO,403,2623,3026
Marion,MO,1221,10148,11369
Mercer,MO,125,2189,2314
Miller,MO,668,6152,6820
Mississippi,MO,1575,3724,5299
Moniteau,MO,586,4897,5483
Monroe,MO,516,4125,4641
Montgomery,MO,623,4794,5417
Morgan,MO,504,4555,5059
New Madrid,MO,2984,6512,9496
Newton,MO,1481,12407,13888
Nodaway,MO,615,9230,9845
Oregon,MO,625,2939,3564
Osage,MO,394,4647,5041
Ozark,MO,304,2573,2877
Pemiscot,MO,2950,4872,7822
Perry,MO,462,5816,6278
Pettis,MO,1549,13072,14621
Phelps,MO,1995,9788,11783
Pike,MO,803,6264,7067
Platte,MO,1815,9501,11316
Polk,MO,614,6315,6929
Pulaski,MO,718,4858,5576
Putnam,MO,169,2923,3092
Ralls,MO,478,3075,3553
Randolph,MO,893,8392,9285
Ray,MO,1078,6128,7206
Reynolds,MO,438,2143,2581
Ripley,MO,677,3413,4090
St. Charles,MO,5752,23907,29659
St. Clair,MO,411,3767,4178
Ste. Genevieve,MO,440,4162,4602
St. Francois,MO,1867,13871,15738
St. Louis Co.,MO,39234,346141,385375
Saline,MO,704,9344,10048
Schuyler,MO,168,2260,2428
Scotland,MO,210,2894,3104
Scott,MO,2474,8169,10643
Shannon,MO,446,2264,2710
Shelby,MO,358,3738,4096
Stoddard,MO,1751,7069,8820
Stone,MO,455,4010,4465
Sullivan,MO,225,4239,4464
Taney,MO,414,4508,4922
Texas,MO,981,7139,8120
Vernon,MO,783,7147,7930
Warren,MO,565,3702,4267
Washington,MO,776,4933,5709
Wayne,MO,641,3870,4511
Webster,MO,572,6665,7237
Worth,MO,126,1777,1903
Wright,MO,487,4913,5400
St. Louis,MO,19652,201262,220914
Beaverhead,MT,,,
Big Horn,MT,,,
Blaine,MT,,,
Broadwater,MT,,,
Carbon,MT,,,
Carter,MT,,,
Cascade,MT,,,
Chouteau,MT,,,
Custer,MT,,,
Daniels,MT,,,
Dawson,MT,,,
Deer Lodge,MT,,,
Fallon,MT,,,
Fergus,MT,,,
Flathead,MT,,,
Gallatin,MT,,,
Garfield,MT,,,
Glacier,MT,,,
Golden Valley,MT,,,
Granite,MT,,,
Hill,MT,,,
Jefferson,MT,,,
Judith Basin,MT,,,
Lake,MT,,,
Lewis and Clark,MT,,,
Liberty,MT,,,
Lincoln,MT,,,
McCone,MT,,,
Madison,MT,,,
Meagher,MT,,,
Mineral,MT,,,
Missoula,MT,,,
Musselshell,MT,,,
Park,MT,,,
Petroleum,MT,,,
Phillips,MT,,,
Pondera,MT,,,
Powder River,MT,,,
Powell,MT,,,
Prairie,MT,,,
Ravalli,MT,,,
Richland,MT,,,
Roosevelt,MT,,,
Rosebud,MT,,,
Sanders,MT,,,
Sheridan,MT,,,
Silver Bow,MT,,,
Stillwater,MT,,,
Sweet Grass,MT,,,
Teton,MT,,,
Toole,MT,,,
Treasure,MT,,,
Valley,MT,,,
Wheatland,MT,,,
Wibaux,MT,,,
Yellowstone,MT,,,
Adams,NE,,,
Antelope,NE,,,
Arthur,NE,,,
Banner,NE,,,
Blaine,NE,,,
Boone,NE,,,
Box Butte,NE,,,
Boyd,NE,,,
Brown,NE,,,
Buffalo,NE,,,
Burt,NE,,,
Butler,NE,,,
Cass,NE,,,
Cedar,NE,,,
Chase,NE,,,
Cherry,NE,,,
Cheyenne,NE,,,
Clay,NE,,,
Colfax,NE,,,
Cuming,NE,,,
Custer,NE,,,
Dakota,NE,,,
Dawes,NE,,,
Dawson,NE,,,
Deuel,NE,,,
Dixon,NE,,,
Dodge,NE,,,
Douglas,NE,,,
Dundy,NE,,,
Fillmore,NE,,,
Franklin,NE,,,
Frontier,NE,,,
Furnas,NE,,,
Gage,NE,,,
Garden,NE,,,
Garfield,NE,,,
Gosper,NE,,,
Grant,NE,,,
Greeley,NE,,,
Hall,NE,,,
Hamilton,NE,,,
Harlan,NE,,,
Hayes,NE,,,
Hitchcock,NE,,,
Holt,NE,,,
Hooker,NE,,,
Howard,NE,,,
Jefferson,NE,,,
Johnson,NE,,,
Kearney,NE,,,
Keith,NE,,,
Keya Paha,NE,,,
Kimball,NE,,,
Knox,NE,,,
Lancaster,NE,,,
Lincoln,NE,,,
Logan,NE,,,
Loup,NE,,,
McPherson,NE,,,
Madison,NE,,,
Merrick,NE,,,
Morrill,NE,,,
Nance,NE,,,
Nemaha,NE,,,
Nuckolls,NE,,,
Otoe,NE,,,
Pawnee,NE,,,
Perkins,NE,,,
Phelps,NE,,,
Pierce,NE,,,
Platte,NE,,,
Polk,NE,,,
Red Willow,NE,,,
Richardson,NE,,,
Rock,NE,,,
Saline,NE,,,
Sarpy,NE,,,
Saunders,NE,,,
Scotts Bluff,NE,,,
Seward,NE,,,
Sheridan,NE,,,
Sherman,NE,,,
Sioux,NE,,,
Stanton,NE,,,
Thayer,NE,,,
Thomas,NE,,,
Thurston,NE,,,
Valley,NE,,,
Washington,NE,,,
Wayne,NE,,,
Webster,NE,,,
Wheeler,NE,,,
York,NE,,,
Churchill,NV,,,
Clark,NV,,,
Douglas,NV,,,
Elko,NV,,,
Esmeralda,NV,,,
Eureka,NV,,,
Humboldt,NV,,,
Lander,NV,,,
Lincoln,NV,,,
Lyon,NV,,,
Mineral,NV,,,
Nye,NV,,,
Pershing,NV,,,
Storey,NV,,,
Washoe,NV,,,
White Pine,NV,,,
Carson City,NV,,,
Belknap,NH,,,
Carroll,NH,,,
Cheshire,NH,,,
Coos,NH,,,
Grafton,NH,,,
Hillsborough,NH,,,
Merrimack,NH,,,
Rockingham,NH,,,
Strafford,NH,,,
Sullivan,NH,,,
Atlantic,NJ,,,
Bergen,NJ,,,
Burlington,NJ,,,
Camden,NJ,,,
Cape May,NJ,,,
Cumberland,NJ,,,
Essex,NJ,,,
Gloucester,NJ,,,
Hudson,NJ,,,
Hunterdon,NJ,,,
Mercer,NJ,,,
Middlesex,NJ,,,
Monmouth,NJ,,,
Morris,NJ,,,
Ocean,NJ,,,
Passaic,NJ,,,
Salem,NJ,,,
Somerset,NJ,,,
Sussex,NJ,,,
Union,NJ,,,
Warren,NJ,,,
Bernalillo,NM,,,
Catron,NM,,,
Chaves,NM,,,
Cibola,NM,,,
Colfax,NM,,,
Curry,NM,,,
De Baca,NM,,,
Dona Ana,NM,,,
Eddy,NM,,,
Grant,NM,,,
Guadalupe,NM,,,
Harding,NM,,,
Hidalgo,NM,,,
Lea,NM,,,
Lincoln,NM,,,
Los Alamos,NM,,,
Luna,NM,,,
McKinley,NM,,,
Mora,NM,,,
Otero,NM,,,
Quay,NM,,,
Rio Arriba,NM,,,
Roosevelt,NM,,,
Sandoval,NM,,,
San Juan,NM,,,
San Miguel,NM,,,
Santa Fe,NM,,,
Sierra,NM,,,
Socorro,NM,,,
Taos,NM,,,
Torrance,NM,,,
Union,NM,,,
Valencia,NM,,,
Albany,NY,,,
Allegany,NY,,,
Bronx,NY,,,
Broome,NY,,,
Cattaraugus,NY,,,
Cayuga,NY,,,
Chautauqua,NY,,,
Chemung,NY,,,
Chenango,NY,,,
Clinton,NY,,,
Columbia,NY,,,
Cortland,NY,,,
Delaware,NY,,,
Dutchess,NY,,,
Erie,NY,,,
Essex,NY,,,
Franklin,NY,,,
Fulton,NY,,,
Genesee,NY,,,
Greene,NY,,,
Hamilton,NY,,,
Herkimer,NY,,,
Jefferson,NY,,,
Kings,NY,,,
Lewis,NY,,,
Livingston,NY,,,
Madison,NY,,,
Monroe,NY,,,
Montgomery,NY,,,
Nassau,NY,,,
New York,NY,,,
Niagara,NY,,,
Oneida,NY,,,
Onondaga,NY,,,
Ontario,NY,,,
Orange,NY,,,
Orleans,NY,,,
Oswego,NY,,,
Otsego,NY,,,
Putnam,NY,,,
Queens,NY,,,
Rensselaer,NY,,,
Richmond,NY,,,
Rockland,NY,,,
St. Lawrence,NY,,,
Saratoga,NY,,,
Schenectady,NY,,,
Schoharie,NY,,,
Schuyler,NY,,,
Seneca,NY,,,
Steuben,NY,,,
Suffolk,NY,,,
Sullivan,NY,,,
Tioga,NY,,,
Tompkins,NY,,,
Ulster,NY,,,
Warren,NY,,,
Washington,NY,,,
Wayne,NY,,,
Westchester,NY,,,
Wyoming,NY,,,
Yates,NY,,,
Alamance,NC,13139,20551,33690
Alexander,NC,2203,6213,8416
Alleghany,NC,904,2797,3701
Anson,NC,3571,4443,8014
Ashe,NC,888,8320,9208
Avery,NC,690,3828,4518
Beaufort,NC,5686,5901,11587
Bertie,NC,3108,4018,7126
Bladen,NC,3897,4500,8397
Brunswick,NC,3358,5376,8734
Buncombe,NC,11889,35655,47544
Burke,NC,5892,16772,22664
Cabarrus,NC,6538,18727,25265
Caldwell,NC,5095,15179,20274
Camden,NC,1100,887,1987
Carteret,NC,3061,8355,11416
Caswell,NC,2851,3173,6024
Catawba,NC,7285,25367,32652
Chatham,NC,3239,7377,10616
Cherokee,NC,915,6170,7085
Chowan,NC,1696,1999,3695
Clay,NC,293,2237,2530
Cleveland,NC,9649,12959,22608
Columbus,NC,6693,8124,14817
Craven,NC,6509,7231,13740
Cumberland,NC,9539,19081,28620
Currituck,NC,1471,1101,2572
Dare,NC,844,1735,2579
Davidson,NC,11544,24272,35816
Davie,NC,2515,5368,7883
Duplin,NC,6082,6175,12257
Durham,NC,13542,29268,42810
Edgecombe,NC,5861,8441,14302
Forsyth,NC,15681,51904,67585
Franklin,NC,5525,4230,9755
Gaston,NC,13973,28841,42814
Gates,NC,1227,1557,2784
Graham,NC,363,2631,2994
Granville,NC,4071,4475,8546
Greene,NC,2906,2210,5116
Guilford,NC,19751,64600,84351
Halifax,NC,7116,8075,15191
Harnett,NC,6531,9191,15722
Haywood,NC,3898,11908,15806
Henderson,NC,3861,12387,16248
Hertford,NC,2203,4400,6603
Hoke,NC,1545,2997,4542
Hyde,NC,833,1170,2003
Iredell,NC,9021,15435,24456
Jackson,NC,1080,6703,7783
Johnston,NC,9212,11256,20468
Jones,NC,1780,1586,3366
Lee,NC,3711,5110,8821
Lenoir,NC,8036,7697,15733
Lincoln,NC,3161,10232,13393
McDowell,NC,3018,7283,10301
Macon,NC,1162,5365,6527
Madison,NC,1034,5331,6365
Martin,NC,3818,4339,8157
Mecklenburg,NC,20070,87427,107497
Mitchell,NC,603,4597,5200
Montgomery,NC,2259,5480,7739
Moore,NC,3263,8905,12168
Nash,NC,9230,9885,19115
New Hanover,NC,9291,17770,27061
Northampton,NC,2986,4932,7918
Onslow,NC,5542,6725,12267
Orange,NC,3845,14463,18308
Pamlico,NC,1447,2025,3472
Pasquotank,NC,3597,3994,7591
Pender,NC,2720,2949,5669
Perquimans,NC,1554,1491,3045
Person,NC,4065,4782,8847
Pitt,NC,9167,13441,22608
Polk,NC,1484,4073,5557
Randolph,NC,6892,18801,25693
Richmond,NC,5457,7122,12579
Robeson,NC,6441,12774,19215
Rockingham,NC,9324,14869,24193
Rowan,NC,9220,23281,32501
Rutherford,NC,4476,12407,16883
Sampson,NC,4527,11394,15921
Scotland,NC,2016,3969,5985
Stanly,NC,4706,13627,18333
Stokes,NC,3410,7155,10565
Surry,NC,4103,14726,18829
Swain,NC,537,2721,3258
Transylvania,NC,2365,6243,8608
Tyrrell,NC,415,872,1287
Union,NC,4761,8920,13681
Vance,NC,5244,6104,11348
Wake,NC,17250,49907,67157
Warren,NC,2294,3089,5383
Washington,NC,1866,2914,4780
Watauga,NC,1060,8033,9093
Wayne,NC,8709,11016,19725
Wilkes,NC,2876,15692,18568
Wilson,NC,7903,8226,16129
Yadkin,NC,2397,7328,9725
Yancey,NC,752,4663,5415
Adams,ND,,,
Barnes,ND,,,
Benson,ND,,,
Billings,ND,,,
Bottineau,ND,,,
Bowman,ND,,,
Burke,ND,,,
Burleigh,ND,,,
Cass,ND,,,
Cavalier,ND,,,
Dickey,ND,,,
Divide,ND,,,
Dunn,ND,,,
Eddy,ND,,,
Emmons,ND,,,
Foster,ND,,,
Golden Valley,ND,,,
Grand Forks,ND,,,
Grant,ND,,,
Griggs,ND,,,
Hettinger,ND,,,
Kidder,ND,,,
LaMoure,ND,,,
Logan,ND,,,
McHenry,ND,,,
McIntosh,ND,,,
McKenzie,ND,,,
McLean,ND,,,
Mercer,ND,,,
Morton,ND,,,
Mountrail,ND,,,
Nelson,ND,,,
Oliver,ND,,,
Pembina,ND,,,
Pierce,ND,,,
Ramsey,ND,,,
Ransom,ND,,,
Renville,ND,,,
Richland,ND,,,
Rolette,ND,,,
Sargent,ND,,,
Sheridan,ND,,,
Sioux,ND,,,
Slope,ND,,,
Stark,ND,,,
Steele,ND,,,
Stutsman,ND,,,
Towner,ND,,,
Traill,ND,,,
Walsh,ND,,,
Ward,ND,,,
Wells,ND,,,
Williams,ND,,,
Adams,OH,,,
Allen,OH,,,
Ashland,OH,,,
Ashtabula,OH,,,
Athens,OH,,,
Auglaize,OH,,,
Belmont,OH,,,
Brown,OH,,,
Butler,OH,,,
Carroll,OH,,,
Champaign,OH,,,
Clark,OH,,,
Clermont,OH,,,
Clinton,OH,,,
Columbiana,OH,,,
Coshocton,OH,,,
Crawford,OH,,,
Cuyahoga,OH,,,
Darke,OH,,,
Defiance,OH,,,
Delaware,OH,,,
Erie,OH,,,
Fairfield,OH,,,
Fayette,OH,,,
Franklin,OH,,,
Fulton,OH,,,
Gallia,OH,,,
Geauga,OH,,,
Greene,OH,,,
Guernsey,OH,,,
Hamilton,OH,,,
Hancock,OH,,,
Hardin,OH,,,
Harrison,OH,,,
Henry,OH,,,
Highland,OH,,,
Hocking,OH,,,
Holmes,OH,,,
Huron,OH,,,
Jackson,OH,,,
Jefferson,OH,,,
Knox,OH,,,
Lake,OH,,,
Lawrence,OH,,,
Licking,OH,,,
Logan,OH,,,
Lorain,OH,,,
Lucas,OH,,,
Madison,OH,,,
Mahoning,OH,,,
Marion,OH,,,
Medina,OH,,,
Meigs,OH,,,
Mercer,OH,,,
Miami,OH,,,
Monroe,OH,,,
Montgomery,OH,,,
Morgan,OH,,,
Morrow,OH,,,
Muskingum,OH,,,
Noble,OH,,,
Ottawa,OH,,,
Paulding,OH,,,
Perry,OH,,,
Pickaway,OH,,,
Pike,OH,,,
Portage,OH,,,
Preble,OH,,,
Putnam,OH,,,
Richland,OH,,,
Ross,OH,,,
Sandusky,OH,,,
Scioto,OH,,,
Seneca,OH,,,
Shelby,OH,,,
Stark,OH,,,
Summit,OH,,,
Trumbull,OH,,,
Tuscarawas,OH,,,
Union,OH,,,
Van Wert,OH,,,
Vinton,OH,,,
Warren,OH,,,
Washington,OH,,,
Wayne,OH,,,
Williams,OH,,,
Wood,OH,,,
Wyandot,OH,,,
Adair,OK,1000,4426,5426
Alfalfa,OK,310,3537,3847
Atoka,OK,1613,2531,4144
Beaver,OK,339,2738,3077
Beckham,OK,1550,5289,6839
Blaine,OK,732,4321,5053
Bryan,OK,2264,5941,8205
Caddo,OK,1858,8924,10782
Canadian,OK,2525,9468,11993
Carter,OK,3414,10934,14348
Cherokee,OK,1866,6525,8391
Choctaw,OK,1751,3682,5433
Cimarron,OK,527,1558,2085
Cleveland,OK,4711,21063,25774
Coal,OK,625,1632,2257
Comanche,OK,5879,17286,23165
Cotton,OK,905,2208,3113
Craig,OK,1229,4784,6013
Creek,OK,3913,12085,15998
Custer,OK,936,7426,8362
Delaware,OK,1402,5297,6699
Dewey,OK,540,2281,2821
Ellis,OK,426,2134,2560
Garfield,OK,3011,20172,23183
Garvin,OK,2670,7631,10301
Grady,OK,2117,9002,11119
Grant,OK,437,3450,3887
Greer,OK,830,2644,3474
Harmon,OK,403,1741,2144
Harper,OK,353,2001,2354
Haskell,OK,1013,3079,4092
Hughes,OK,1170,4475,5645
Jackson,OK,1786,5619,7405
Jefferson,OK,701,2408,3109
Johnston,OK,974,2264,3238
Kay,OK,2809,18782,21591
Kingfisher,OK,720,4784,5504
Kiowa,OK,957,4637,5594
Latimer,OK,892,2441,3333
Le Flore,OK,3345,7620,10965
Lincoln,OK,1969,6159,8128
Logan,OK,1689,6468,8157
Love,OK,766,1608,2374
McClain,OK,1647,3889,5536
McCurtain,OK,2880,5739,8619
McIntosh,OK,1254,3291,4545
Major,OK,357,3144,3501
Marshall,OK,986,2400,3386
Mayes,OK,2431,7115,9546
Murray,OK,1027,3227,4254
Muskogee,OK,4596,18084,22680
Noble,OK,618,4323,4941
Nowata,OK,1080,3430,4510
Okfuskee,OK,981,3463,4444
Oklahoma,OK,33834,153607,187441
Okmulgee,OK,2728,10798,13526
Osage,OK,2407,9418,11825
Ottawa,OK,1421,9820,11241
Pawnee,OK,990,3780,4770
Payne,OK,2475,15349,17824
Pittsburg,OK,3726,10090,13816
Pontotoc,OK,2425,8452,10877
Pottawatomie,OK,3873,13620,17493
Pushmataha,OK,1287,2457,3744
Roger Mills,OK,610,1822,2432
Rogers,OK,3141,7296,10437
Seminole,OK,2142,7600,9742
Sequoyah,OK,2158,5415,7573
Stephens,OK,3566,10757,14323
Texas,OK,954,4905,5859
Tillman,OK,1376,3519,4895
Tulsa,OK,28443,114224,142667
Wagoner,OK,2262,5370,7632
Washington,OK,3091,17453,20544
Washita,OK,858,4363,5221
Woods,OK,517,4888,5405
Woodward,OK,663,5192,5855
Baker,OR,,,
Benton,OR,,,
Clackamas,OR,,,
Clatsop,OR,,,
Columbia,OR,,,
Coos,OR,,,
Crook,OR,,,
Curry,OR,,,
Deschutes,OR,,,
Douglas,OR,,,
Gilliam,OR,,,
Grant,OR,,,
Harney,OR,,,
Hood River,OR,,,
Jackson,OR,,,
Jefferson,OR,,,
Josephine,OR,,,
Klamath,OR,,,
Lake,OR,,,
Lane,OR,,,
Lincoln,OR,,,
Linn,OR,,,
Malheur,OR,,,
Marion,OR,,,
Morrow,OR,,,
Multnomah,OR,,,
Polk,OR,,,
Sherman,OR,,,
Tillamook,OR,,,
Umatilla,OR,,,
Union,OR,,,
Wallowa,OR,,,
Wasco,OR,,,
Washington,OR,,,
Wheeler,OR,,,
Yamhill,OR,,,
Adams,PA,,,
Allegheny,PA,,,
Armstrong,PA,,,
Beaver,PA,,,
Bedford,PA,,,
Berks,PA,,,
Blair,PA,,,
Bradford,PA,,,
Bucks,PA,,,
Butler,PA,,,
Cambria,PA,,,
Cameron,PA,,,
Carbon,PA,,,
Centre,PA,,,
Chester,PA,,,
Clarion,PA,,,
Clearfield,PA,,,
Clinton,PA,,,
Columbia,PA,,,
Crawford,PA,,,
Cumberland,PA,,,
Dauphin,PA,,,
Delaware,PA,,,
Elk,PA,,,
Erie,PA,,,
Fayette,PA,,,
Forest,PA,,,
Franklin,PA,,,
Fulton,PA,,,
Greene,PA,,,
Huntingdon,PA,,,
Indiana,PA,,,
Jefferson,PA,,,
Juniata,PA,,,
Lackawanna,PA,,,
Lancaster,PA,,,
Lawrence,PA,,,
Lebanon,PA,,,
Lehigh,PA,,,
Luzerne,PA,,,
Lycoming,PA,,,
McKean,PA,,,
Mercer,PA,,,
Mifflin,PA,,,
Monroe,PA,,,
Montgomery,PA,,,
Montour,PA,,,
Northampton,PA,,,
Northumberland,PA,,,
Perry,PA,,,
Philadelphia,PA,,,
Pike,PA,,,
Potter,PA,,,
Schuylkill,PA,,,
Snyder,PA,,,
Somerset,PA,,,
Sullivan,PA,,,
Susquehanna,PA,,,
Tioga,PA,,,
Union,PA,,,
Venango,PA,,,
Warren,PA,,,
Washington,PA,,,
Wayne,PA,,,
Westmoreland,PA,,,
Wyoming,PA,,,
York,PA,,,
Bristol,RI,,,
Kent,RI,,,
Newport,RI,,,
Providence,RI,,,
Washington,RI,,,
Abbeville,SC,3201,2638,5839
Aiken,SC,8815,18583,27398
Allendale,SC,820,2535,3355
Anderson,SC,12384,10879,23263
Bamberg,SC,1618,3172,4790
Barnwell,SC,2351,3565,5916
Beaufort,SC,1498,6723,8221
Berkeley,SC,4808,9110,13918
Calhoun,SC,978,2101,3079
Charleston,SC,13255,42625,55880
Cherokee,SC,5642,4851,10493
Chester,SC,2762,5727,8489
Chesterfield,SC,4324,5744,10068
Clarendon,SC,2097,5807,7904
Colleton,SC,2670,5475,8145
Darlington,SC,5231,8750,13981
Dillon,SC,2132,4574,6706
Dorchester,SC,3539,7209,10748
Edgefield,SC,1006,2913,3919
Fairfield,SC,1336,4630,5966
Florence,SC,7642,16996,24638
Georgetown,SC,2642,7379,10021
Greenville,SC,15241,44580,59821
Greenwood,SC,6024,8632,14658
Hampton,SC,1452,3778,5230
Horry,SC,6701,7848,14549
Jasper,SC,1081,2035,3116
Kershaw,SC,3960,6618,10578
Lancaster,SC,4886,8025,12911
Laurens,SC,4279,7829,12108
Lee,SC,2113,3370,5483
Lexington,SC,8907,16262,25169
McCormick,SC,757,1454,2211
Marion,SC,1484,5333,6817
Marlboro,SC,2140,4318,6458
Newberry,SC,3734,6982,10716
Oconee,SC,4742,4627,9369
Orangeburg,SC,7144,14115,21259
Pickens,SC,4424,8889,13313
Richland,SC,7030,44413,51445
Saluda,SC,2136,2666,4802
Spartanburg,SC,17346,29650,46996
Sumter,SC,4754,11554,16308
Union,SC,4590,5282,9872
Williamsburg,SC,2652,8135,10787
York,SC,7102,13167,20269
Aurora,SD,,,
Beadle,SD,,,
Bennett,SD,,,
Bon Homme,SD,,,
Brookings,SD,,,
Brown,SD,,,
Brule,SD,,,
Buffalo,SD,,,
Butte,SD,,,
Campbell,SD,,,
Charles Mix,SD,,,
Clark,SD,,,
Clay,SD,,,
Codington,SD,,,
Corson,SD,,,
Custer,SD,,,
Davison,SD,,,
Day,SD,,,
Deuel,SD,,,
Dewey,SD,,,
Douglas,SD,,,
Edmunds,SD,,,
Fall River,SD,,,
Faulk,SD,,,
Grant,SD,,,
Gregory,SD,,,
Haakon,SD,,,
Hamlin,SD,,,
Hand,SD,,,
Hanson,SD,,,
Harding,SD,,,
Hughes,SD,,,
Hutchinson,SD,,,
Hyde,SD,,,
Jackson,SD,,,
Jerauld,SD,,,
Jones,SD,,,
Kingsbury,SD,,,
Lake,SD,,,
Lawrence,SD,,,
Lincoln,SD,,,
Lyman,SD,,,
McCook,SD,,,
McPherson,SD,,,
Marshall,SD,,,
Meade,SD,,,
Mellette,SD,,,
Miner,SD,,,
Minnehaha,SD,,,
Moody,SD,,,
Oglala Lakota,SD,,,
Pennington,SD,,,
Perkins,SD,,,
Potter,SD,,,
Roberts,SD,,,
Sanborn,SD,,,
Spink,SD,,,
Stanley,SD,,,
Sully,SD,,,
Todd,SD,,,
Tripp,SD,,,
Turner,SD,,,
Union,SD,,,
Walworth,SD,,,
Yankton,SD,,,
Ziebach,SD,,,
Anderson,TN,4323,17431,21754
Bedford,TN,4099,4286,8385
Benton,TN,2255,2527,4782
Bledsoe,TN,732,2434,3166
Blount,TN,4407,17929,22336
Bradley,TN,4159,9686,13845
Campbell,TN,1367,6292,7659
Cannon,TN,1464,1589,3053
Carroll,TN,3298,5689,8987
Carter,TN,3009,11627,14636
Cheatham,TN,2497,1447,3944
Chester,TN,2037,2257,4294
Claiborne,TN,775,4415,5190
Clay,TN,451,1481,1932
Cocke,TN,1159,6595,7754
Coffee,TN,4794,6377,11171
Crockett,TN,2865,1635,4500
Cumberland,TN,1469,4543,6012
Davidson,TN,47889,88718,136607
Decatur,TN,1544,2286,3830
DeKalb,TN,1516,2379,3895
Dickson,TN,3475,3325,6800
Dyer,TN,5842,4859,10701
Fayette,TN,2570,2976,5546
Fentress,TN,808,2697,3505
Franklin,TN,4939,4189,9128
Gibson,TN,7233,8055,15288
Giles,TN,3966,3467,7433
Grainger,TN,596,3549,4145
Greene,TN,2753,10904,13657
Grundy,TN,1642,1925,3567
Hamblen,TN,2259,8772,11031
Hamilton,TN,32080,52743,84823
Hancock,TN,236,1807,2043
Hardeman,TN,2924,2880,5804
Hardin,TN,2325,4063,6388
Hawkins,TN,1798,8430,10228
Haywood,TN,2757,2861,5618
Henderson,TN,2086,4821,6907
Henry,TN,3439,5217,8656
Hickman,TN,2473,1912,4385
Houston,TN,941,868,1809
Humphreys,TN,2095,2257,4352
Jackson,TN,908,1795,2703
Jefferson,TN,1199,6988,8187
Johnson,TN,375,3557,3932
Knox,TN,18277,71730,90007
Lake,TN,1262,1146,2408
Lauderdale,TN,3566,3188,6754
Lawrence,TN,3993,6534,10527
Lewis,TN,997,1543,2540
Lincoln,TN,4214,3015,7229
Loudon,TN,1996,5880,7876
McMinn,TN,2535,8987,11522
McNairy,TN,2872,4356,7228
Macon,TN,1041,2703,3744
Madison,TN,9420,11660,21080
Marion,TN,2784,3620,6404
Marshall,TN,3379,2729,6108
Maury,TN,8148,6449,14597
Meigs,TN,442,1222,1664
Monroe,TN,1222,7675,8897
Montgomery,TN,5638,8786,14424
Moore,TN,856,570,1426
Morgan,TN,1028,2771,3799
Obion,TN,4680,4655,9335
Overton,TN,1176,2850,4026
Perry,TN,784,1245,2029
Pickett,TN,199,1289,1488
Polk,TN,754,3262,4016
Putnam,TN,3073,7234,10307
Rhea,TN,2237,3729,5966
Roane,TN,3898,9291,13189
Robertson,TN,3904,4117,8021
Rutherford,TN,7773,9089,16862
Scott,TN,734,3397,4131
Sequatchie,TN,1011,1212,2223
Sevier,TN,1476,8741,10217
Shelby,TN,76996,154902,231898
Smith,TN,1831,2532,4363
Stewart,TN,1057,1484,2541
Sullivan,TN,9991,30034,40025
Sumner,TN,7592,8895,16487
Tipton,TN,4943,3493,8436
Trousdale,TN,649,946,1595
Unicoi,TN,843,4237,5080
Union,TN,449,2483,2932
Van Buren,TN,507,609,1116
Warren,TN,3814,3904,7718
Washington,TN,4925,17812,22737
Wayne,TN,1208,2923,4131
Weakley,TN,4525,4846,9371
White,TN,1750,3007,4757
Williamson,TN,4867,4851,9718
Wilson,TN,5648,5652,11300
Anderson,TX,3196,6275,9471
Andrews,TX,1312,2322,3634
Angelina,TX,6111,9819,15930
Aransas,TX,417,2298,2715
Archer,TX,413,1944,2357
Armstrong,TX,206,735,941
Atascosa,TX,771,4327,5098
Austin,TX,1084,3270,4354
Bailey,TX,563,1994,2558
Bandera,TX,423,1377,1800
Bastrop,TX,975,4142,5117
Baylor,TX,443,1721,2164
Bee,TX,589,4952,5544
Bell,TX,3547,17598,21145
Bexar,TX,16598,168276,184874
Blanco,TX,223,1234,1457
Borden,TX,112,274,386
Bosque,TX,727,3194,3921
Bowie,TX,7165,12434,19599
Brazoria,TX,8026,22070,30103
Brazos,TX,2437,13138,15579
Brewster,TX,342,1748,2091
Briscoe,TX,219,939,1158
Brooks,TX,166,2438,2604
Brown,TX,1606,6996,8602
Burleson,TX,694,2569,3263
Burnet,TX,643,3335,3978
Caldwell,TX,837,4291,5130
Calhoun,TX,1065,4284,5350
Callahan,TX,737,2358,3096
Cameron,TX,2042,27485,29527
Camp,TX,1074,1827,2901
Carson,TX,570,2115,2685
Cass,TX,2883,4466,7350
Castro,TX,623,2214,2838
Chambers,TX,1329,2278,3607
Cherokee,TX,3791,5817,9608
Childress,TX,621,2138,2759
Clay,TX,665,2509,3174
Cochran,TX,449,1181,1630
Coke,TX,208,950,1159
Coleman,TX,1153,2956,4109
Collin,TX,3850,12412,16262
Collingsworth,TX,475,1458,1933
Colorado,TX,1163,4272,5438
Comal,TX,724,5984,6710
Comanche,TX,708,3416,4125
Concho,TX,197,913,1110
Cooke,TX,1412,6510,7922
Coryell,TX,1172,4685,5857
Cottle,TX,266,1010,1276
Crane,TX,712,991,1703
Crockett,TX,279,1080,1359
Crosby,TX,401,2439,2840
Culberson,TX,145,628,773
Dallam,TX,430,1578,2008
Dallas,TX,55552,308002,363554
Dawson,TX,900,3613,4513
Deaf Smith,TX,691,4019,4713
Delta,TX,475,1407,1882
Denton,TX,3178,15685,18863
DeWitt,TX,784,4460,5244
Dickens,TX,295,1239,1534
Dimmit,TX,177,1480,1660
Donley,TX,268,1359,1627
Duval,TX,121,4362,4483
Eastland,TX,1013,5337,6350
Ector,TX,8671,15869,24540
Edwards,TX,82,557,639
Ellis,TX,2838,9225,12067
El Paso,TX,5111,63005,68116
Erath,TX,935,5124,6059
Falls,TX,1364,4335,5699
Fannin,TX,1661,5516,7177
Fayette,TX,1562,4213,5775
Fisher,TX,268,2115,2385
Floyd,TX,847,2770,3617
Foard,TX,168,810,978
Fort Bend,TX,2447,9066,11514
Franklin,TX,507,1482,1989
Freestone,TX,1069,3024,4093
Frio,TX,307,2125,2432
Gaines,TX,1037,2488,3531
Galveston,TX,10322,42270,52592
Garza,TX,383,1277,1660
Gillespie,TX,432,3670,4105
Glasscock,TX,172,275,447
Goliad,TX,156,1397,1553
Gonzales,TX,983,3406,4389
Gray,TX,2427,8368,10795
Grayson,TX,4615,18386,23001
Gregg,TX,8109,15011,23120
Grimes,TX,976,2549,3525
Guadalupe,TX,1241,7861,9102
Hale,TX,2309,7989,10298
Hall,TX,434,1791,2225
Hamilton,TX,452,2382,2834
Hansford,TX,437,1751,2188
Hardeman,TX,531,2018,2549
Hardin,TX,3979,4880,8862
Harris,TX,86412,384625,471037
Harrison,TX,5324,8627,13951
Hartley,TX,264,896,1160
Haskell,TX,610,2601,3211
Hays,TX,643,5539,6183
Hemphill,TX,201,1099,1300
Henderson,TX,2497,5434,7932
Hidalgo,TX,2569,34542,37111
Hill,TX,1751,5224,6977
Hockley,TX,1456,4691,6147
Hood,TX,411,1748,2161
Hopkins,TX,1932,4560,6492
Houston,TX,2062,4173,6237
Howard,TX,2789,7709,10501
Hudspeth,TX,132,574,707
Hunt,TX,3469,9436,12905
Hutchinson,TX,2919,7229,10148
Irion,TX,92,398,490
Jack,TX,512,2099,2611
Jackson,TX,1145,3136,4286
Jasper,TX,2906,4277,7183
Jeff Davis,TX,66,430,496
Jefferson,TX,21824,56039,77868
Jim Hogg,TX,53,1499,1555
Jim Wells,TX,913,9131,10050
Johnson,TX,2709,9702,12411
Jones,TX,931,4048,4979
Karnes,TX,686,3613,4299
Kaufman,TX,2350,5742,8092
Kendall,TX,364,2107,2471
Kenedy,TX,7,176,183
Kent,TX,188,446,634
Kerr,TX,1073,5570,6643
Kimble,TX,264,1103,1368
King,TX,71,153,224
Kinney,TX,68,531,599
Kleberg,TX,670,7346,8016
Knox,TX,325,1802,2127
Lamar,TX,2903,8030,10933
Lamb,TX,1460,4862,6322
Lampasas,TX,460,2358,2818
La Salle,TX,112,969,1081
Lavaca,TX,1451,3863,5314
Lee,TX,631,2358,2989
Leon,TX,880,2195,3075
Liberty,TX,3393,6215,9608
Limestone,TX,1402,4281,5683
Lipscomb,TX,187,1358,1545
Live Oak,TX,484,1860,2344
Llano,TX,464,2361,2825
Loving,TX,40,41,81
Lubbock,TX,9078,41076,50154
Lynn,TX,544,2338,2882
McCulloch,TX,359,2300,2659
McLennan,TX,8268,38346,46639
McMullen,TX,99,329,428
Madison,TX,765,1602,2367
Marion,TX,957,1897,2854
Martin,TX,539,716,1255
Mason,TX,169,1349,1518
Matagorda,TX,1777,6689,8466
Maverick,TX,165,2341,2506
Medina,TX,722,4529,5251
Menard,TX,118,853,971
Midland,TX,5675,17545,23222
Milam,TX,1525,4883,6409
Mills,TX,296,1367,1663
Mitchell,TX,499,2482,2981
Montague,TX,914,4291,5205
Montgomery,TX,4879,8374,13255
Moore,TX,1258,3737,4996
Morris,TX,1323,2765,4088
Motley,TX,295,812,1107
Nacogdoches,TX,3196,6684,9880
Navarro,TX,2245,8141,10388
Newton,TX,1509,2031,3541
Nolan,TX,1185,4753,5938
Nueces,TX,7159,60332,67491
Ochiltree,TX,492,2640,3132
Oldham,TX,230,557,788
Orange,TX,8845,12371,21216
Palo Pinto,TX,1257,6179,7436
Panola,TX,2650,3297,5947
Parker,TX,1934,7369,9303
Parmer,TX,730,2372,3102
Pecos,TX,900,3116,4019
Polk,TX,1712,2854,4567
Potter,TX,5486,21576,27072
Presidio,TX,132,1450,1582
Rains,TX,306,898,1204
Randall,TX,3128,15460,18592
Reagan,TX,288,824,1112
Real,TX,136,567,703
Red River,TX,1554,3550,5104
Reeves,TX,743,2766,3509
Refugio,TX,486,2813,3299
Roberts,TX,113,401,514
Robertson,TX,944,3798,4742
Rockwall,TX,582,1392,1975
Runnels,TX,668,3155,3823
Rusk,TX,4729,7817,12546
Sabine,TX,935,1533,2468
San Augustine,TX,1137,1323,2460
San Jacinto,TX,693,1616,2309
San Patricio,TX,1876,10535,12411
San Saba,TX,465,1675,2140
Schleicher,TX,178,774,952
Scurry,TX,1084,3776,4861
Shackelford,TX,277,1230,1507
Shelby,TX,3285,3638,6923
Sherman,TX,376,1020,1396
Smith,TX,9595,20976,30571
Somervell,TX,204,697,901
Starr,TX,71,5296,5367
Stephens,TX,525,2526,3051
Sterling,TX,54,321,375
Stonewall,TX,262,848,1110
Sutton,TX,147,763,910
Swisher,TX,623,2937,3560
Tarrant,TX,29256,161491,190747
Taylor,TX,4289,21325,25626
Terrell,TX,149,451,601
Terry,TX,854,3573,4427
Throckmorton,TX,126,935,1061
Titus,TX,1886,3889,5775
Tom Green,TX,3074,16456,19536
Travis,TX,8424,73976,82520
Trinity,TX,997,1782,2779
Tyler,TX,1462,2324,3786
Upshur,TX,2886,3999,6885
Upton,TX,459,1127,1586
Uvalde,TX,768,3988,4759
Val Verde,TX,573,5119,5698
Van Zandt,TX,2091,4660,6751
Victoria,TX,2336,12394,14730
Walker,TX,1452,4337,5789
Waller,TX,797,2642,3439
Ward,TX,1382,2883,4265
Washington,TX,677,4930,5607
Webb,TX,304,11522,11826
Wharton,TX,1882,8077,9959
Wheeler,TX,570,1988,2558
Wichita,TX,6087,27324,33414
Wilbarger,TX,1292,3905,5198
Willacy,TX,465,3173,3638
Williamson,TX,1669,8451,10123
Wilson,TX,542,3657,4199
Winkler,TX,1249,2329,3579
Wise,TX,1107,4757,5864
Wood,TX,2020,4238,6259
Yoakum,TX,724,1738,2462
Young,TX,1004,4342,5346
Zapata,TX,52,1160,1212
Zavala,TX,214,2000,2215
Beaver,UT,,,
Box Elder,UT,,,
Cache,UT,,,
Carbon,UT,,,
Daggett,UT,,,
Davis,UT,,,
Duchesne,UT,,,
Emery,UT,,,
Garfield,UT,,,
Grand,UT,,,
Iron,UT,,,
Juab,UT,,,
Kane,UT,,,
Millard,UT,,,
Morgan,UT,,,
Piute,UT,,,
Rich,UT,,,
Salt Lake,UT,,,
San Juan,UT,,,
Sanpete,UT,,,
Sevier,UT,,,
Summit,UT,,,
Tooele,UT,,,
Uintah,UT,,,
Utah,UT,,,
Wasatch,UT,,,
Washington,UT,,,
Wayne,UT,,,
Weber,UT,,,
Addison,VT,,,
Bennington,VT,,,
Caledonia,VT,,,
Chittenden,VT,,,
Essex,VT,,,
Franklin,VT,,,
Grand Isle,VT,,,
Lamoille,VT,,,
Orange,VT,,,
Orleans,VT,,,
Rutland,VT,,,
Washington,VT,,,
Windham,VT,,,
Windsor,VT,,,
Accomack,VA,3460,5698,9181
Albemarle,VA,1657,6767,8441
Alleghany,VA,1615,4296,5915
Amelia,VA,832,1687,2528
Amherst,VA,2449,4199,6674
Appomattox,VA,1512,2509,4037
Arlington,VA,6746,54270,61326
Augusta,VA,2483,8341,10900
Bath,VA,529,1366,1897
Bedford Co.,VA,3995,5997,10220
Bland,VA,361,1498,1862
Botetourt,VA,1267,3870,5140
Brunswick,VA,2088,3049,5147
Buchanan,VA,1067,8702,9816
Buckingham,VA,1185,2011,3204
Campbell,VA,4425,7727,12811
Caroline,VA,1084,3327,4426
Carroll,VA,958,6682,7651
Charles City,VA,176,1777,1960
Charlotte,VA,2163,2087,4265
Chesterfield,VA,11504,27730,39292
Clarke,VA,742,1895,2644
Craig,VA,256,1000,1258
Culpeper,VA,1217,3468,4694
Cumberland,VA,602,1822,2432
Dickenson,VA,639,6767,7415
Dinwiddie,VA,2245,3002,5257
Essex,VA,468,1688,2164
Fairfax Co.,VA,14805,102258,117319
Fauquier,VA,1536,4944,6501
Floyd,VA,537,2990,3537
Fluvanna,VA,660,1482,2145
Franklin Co.,VA,3219,5061,8308
Frederick,VA,2137,5308,7454
Giles,VA,1372,4767,6277
Gloucester,VA,1526,2829,4364
Goochland,VA,836,2605,3461
Grayson,VA,1090,5489,6587
Greene,VA,433,1111,1549
Greensville,VA,1256,1896,3165
Halifax,VA,4897,6751,11689
Hanover,VA,3330,7504,10847
Henrico,VA,11868,42812,54726
Henry,VA,6802,8121,15224
Highland,VA,166,903,1069
Isle of Wight,VA,2328,3289,5635
James City,VA,1083,2964,4065
King and Queen,VA,614,1450,2073
King George,VA,632,1559,2195
King William,VA,615,1810,2431
Lancaster,VA,876,2774,3650
Lee,VA,827,8555,9399
Loudoun,VA,2117,7839,9970
Louisa,VA,1149,2800,3964
Lunenburg,VA,1630,2361,4012
Madison,VA,763,1666,2439
Mathews,VA,773,2000,2777
Mecklenburg,VA,4022,5417,9478
Middlesex,VA,655,1384,2042
Montgomery,VA,1712,9798,11547
Nelson,VA,1163,2250,3426
New Kent,VA,609,1291,1904
Northampton,VA,1129,2828,3974
Northumberland,VA,968,2515,3492
Nottoway,VA,1673,3143,4830
Orange,VA,1050,2606,3661
Page,VA,995,5792,6800
Patrick,VA,1974,3292,5275
Pittsylvania,VA,9302,10523,19890
Powhatan,VA,929,1726,2663
Prince Edward,VA,1224,3424,4666
Prince George,VA,1920,2831,4761
Prince William,VA,5160,13510,18686
Pulaski,VA,1346,6906,8265
Rappahannock,VA,372,988,1363
Richmond Co.,VA,563,1501,2069
Roanoke Co.,VA,4745,16341,21124
Rockbridge,VA,885,3125,4014
Rockingham,VA,1817,9890,11715
Russell,VA,1369,7412,8872
Scott,VA,1474,8489,9984
Shenandoah,VA,1561,7115,8681
Smyth,VA,1808,7928,9751
Southampton,VA,2070,3179,5262
Spotsylvania,VA,1589,3322,4926
Stafford,VA,2197,4270,6482
Surry,VA,708,1649,2366
Sussex,VA,1135,2646,3794
Tazewell,VA,2023,9168,11338
Warren,VA,1479,3810,5296
Washington,VA,3092,9908,13029
Westmoreland,VA,943,2558,3506
Wise,VA,1635,10946,12606
Wythe,VA,1377,5403,6963
York,VA,3330,5726,9088
Alexandria,VA,4131,27616,31816
Bristol,VA,911,3461,4377
Buena Vista,VA,456,1201,1660
Charlottesville,VA,1781,9432,11335
Chesapeake,VA,11084,13077,24760
Colonial Heights,VA,2106,3300,5413
Covington,VA,846,2746,3595
Danville,VA,5391,11291,16874
Emporia,VA,716,1469,2191
Fairfax,VA,959,5116,6084
Falls Church,VA,504,3865,4382
Franklin,VA,511,1743,2256
Fredericksburg,VA,878,4178,5068
Galax,VA,304,2005,2309
Hampton,VA,10690,21840,32606
Harrisonburg,VA,453,3895,4352
Hopewell,VA,2092,4510,6743
Lexington,VA,177,1904,2085
Lynchburg,VA,3649,14248,18299
Manassas,VA,,,
Manassas Park,VA,,,
Martinsville,VA,1856,5345,7276
Newport News,VA,10763,26144,37069
Norfolk,VA,14500,50779,65829
Norton,VA,215,1050,1267
Petersburg,VA,2158,8997,11169
Poquoson,VA,,,
Portsmouth,VA,12127,25136,37381
Radford,VA,461,3283,3749
Richmond,VA,7325,59237,66668
Roanoke,VA,5269,24649,30008
Salem,VA,1507,5324,6846
Staunton,VA,1054,6163,7221
Suffolk,VA,4762,8596,13398
Virginia Beach,VA,10962,26417,37742
Waynesboro,VA,613,4747,5378
Williamsburg,VA,247,2147,2474
Winchester,VA,770,4055,4833
Adams,WA,,,
Asotin,WA,,,
Benton,WA,,,
Chelan,WA,,,
Clallam,WA,,,
Clark,WA,,,
Columbia,WA,,,
Cowlitz,WA,,,
Douglas,WA,,,
Ferry,WA,,,
Franklin,WA,,,
Garfield,WA,,,
Grant,WA,,,
Grays Harbor,WA,,,
Island,WA,,,
Jefferson,WA,,,
King,WA,,,
Kitsap,WA,,,
Kittitas,WA,,,
Klickitat,WA,,,
Lewis,WA,,,
Lincoln,WA,,,
Mason,WA,,,
Okanogan,WA,,,
Pacific,WA,,,
Pend Oreille,WA,,,
Pierce,WA,,,
San Juan,WA,,,
Skagit,WA,,,
Skamania,WA,,,
Snohomish,WA,,,
Spokane,WA,,,
Stevens,WA,,,
Thurston,WA,,,
Wahkiakum,WA,,,
Walla Walla,WA,,,
Whatcom,WA,,,
Whitman,WA,,,
Yakima,WA,,,
Barbour,WV,,,
Berkeley,WV,,,
Boone,WV,,,
Braxton,WV,,,
Brooke,WV,,,
Cabell,WV,,,
Calhoun,WV,,,
Clay,WV,,,
Doddridge,WV,,,
Fayette,WV,,,
Gilmer,WV,,,
Grant,WV,,,
Greenbrier,WV,,,
Hampshire,WV,,,
Hancock,WV,,,
Hardy,WV,,,
Harrison,WV,,,
Jackson,WV,,,
Jefferson,WV,,,
Kanawha,WV,,,
Lewis,WV,,,
Lincoln,WV,,,
Logan,WV,,,
McDowell,WV,,,
Marion,WV,,,
Marshall,WV,,,
Mason,WV,,,
Mercer,WV,,,
Mineral,WV,,,
Mingo,WV,,,
Monongalia,WV,,,
Monroe,WV,,,
Morgan,WV,,,
Nicholas,WV,,,
Ohio,WV,,,
Pendleton,WV,,,
Pleasants,WV,,,
Pocahontas,WV,,,
Preston,WV,,,
Putnam,WV,,,
Raleigh,WV,,,
Randolph,WV,,,
Ritchie,WV,,,
Roane,WV,,,
Summers,WV,,,
Taylor,WV,,,
Tucker,WV,,,
Tyler,WV,,,
Upshur,WV,,,
Wayne,WV,,,
Webster,WV,,,
Wetzel,WV,,,
Wirt,WV,,,
Wood,WV,,,
Wyoming,WV,,,
Adams,WI,,,
Ashland,WI,,,
Barron,WI,,,
Bayfield,WI,,,
Brown,WI,,,
Buffalo,WI,,,
Burnett,WI,,,
Calumet,WI,,,
Chippewa,WI,,,
Clark,WI,,,
Columbia,WI,,,
Crawford,WI,,,
Dane,WI,,,
Dodge,WI,,,
Door,WI,,,
Douglas,WI,,,
Dunn,WI,,,
Eau Claire,WI,,,
Florence,WI,,,
Fond du Lac,WI,,,
Forest,WI,,,
Grant,WI,,,
Green,WI,,,
Green Lake,WI,,,
Iowa,WI,,,
Iron,WI,,,
Jackson,WI,,,
Jefferson,WI,,,
Juneau,WI,,,
Kenosha,WI,,,
Kewaunee,WI,,,
La Crosse,WI,,,
Lafayette,WI,,,
Langlade,WI,,,
Lincoln,WI,,,
Manitowoc,WI,,,
Marathon,WI,,,
Marinette,WI,,,
Marquette,WI,,,
Menominee,WI,,,
Milwaukee,WI,,,
Monroe,WI,,,
Oconto,WI,,,
Oneida,WI,,,
Outagamie,WI,,,
Ozaukee,WI,,,
Pepin,WI,,,
Pierce,WI,,,
Polk,WI,,,
Portage,WI,,,
Price,WI,,,
Racine,WI,,,
Richland,WI,,,
Rock,WI,,,
Rusk,WI,,,
St. Croix,WI,,,
Sauk,WI,,,
Sawyer,WI,,,
Shawano,WI,,,
Sheboygan,WI,,,
Taylor,WI,,,
Trempealeau,WI,,,
Vernon,WI,,,
Vilas,WI,,,
Walworth,WI,,,
Washburn,WI,,,
Washington,WI,,,
Waukesha,WI,,,
Waupaca,WI,,,
Waushara,WI,,,
Winnebago,WI,,,
Wood,WI,,,
Albany,WY,,,
Big Horn,WY,,,
Campbell,WY,,,
Carbon,WY,,,
Converse,WY,,,
Crook,WY,,,
Fremont,WY,,,
Goshen,WY,,,
Hot Springs,WY,,,
Johnson,WY,,,
Laramie,WY,,,
Lincoln,WY,,,
Natrona,WY,,,
Niobrara,WY,,,
Park,WY,,,
Platte,WY,,,
Sheridan,WY,,,
Sublette,WY,,,
Sweetwater,WY,,,
Teton,WY,,,
Uinta,WY,,,
Washakie,WY,,,
Weston,WY,,,
